Workbook
Name adawdwd: #REF!
Name adawdwd: #REF!
Name adawdwd: #REF!
Name adawdwd: #REF!
Name adawdwd: #REF!
Name adawdwd: #REF!
Name adawdwd: #REF!
Name adawdwd: #REF!
Name adawdwd: #REF!
Name Cavity: #REF!
Name Cavity: #REF!
Name Cavity: #REF!
Name Cavity: #REF!
Name Cavity: #REF!
Name Cavity: #REF!
Name Cavity: #REF!
Name Cavity: #REF!
Name Cavity: #REF!
Name Cavity: #REF!
Name Cavity: #REF!
Name Cavity: #REF!
Name Control_A2: 'GRR Plots'!$Q$105
Name CPKDrop: 'Data Selections (Hide & Lock) '!$D$6:$D$7
Name CPKValueDrop: 'Data Selections (Hide & Lock) '!$F$6:$F$7
Name Customer: #REF!
Name Customer: #REF!
Name Customer: #REF!
Name Customer: #REF!
Name Customer: #REF!
Name Customer: #REF!
Name Customer: #REF!
Name Customer: #REF!
Name Customer: #REF!
Name Customer: #REF!
Name Customer: #REF!
Name Customer: #REF!
Name Date_Req: #REF!
Name Date_Req: #REF!
Name Date_Req: #REF!
Name Date_Req: #REF!
Name Date_Req: #REF!
Name Date_Req: #REF!
Name Date_Req: #REF!
Name Date_Req: #REF!
Name Date_Req: #REF!
Name Date_Req: #REF!
Name Date_Req: #REF!
Name Date_Req: #REF!
Name Description: #REF!
Name Description: #REF!
Name Description: #REF!
Name Description: #REF!
Name Description: #REF!
Name Description: #REF!
Name Description: #REF!
Name Description: #REF!
Name Description: #REF!
Name Description: #REF!
Name Description: #REF!
Name Description: #REF!

Sheet Revision block
A1: Document # | B1: H001122
A2: Latest Revision | B2: K
A3: Revision date | B3: 45082
A4: Production Part Approval Process (PPAP)
A5: Revision | B5: Description | C5: Date | D5: Modified by
A6: A | B6: Initial release | C6: 40745 | D6: Tooling Engineering - MN
A7: B | B7: Modified instruction sheet, FAI, CPK forms Added several worksheets: Tool trial definitions, Steel measurement, Tool Steel COC, Heat Treat COC, Texture COC, Part material COC, Window study, PMP, PFD,PFMEA, Measurement instructions, Packaging instructions | C7: 41305 | D7: Tooling Engineering - MN Quality Engineering - RB
A8: C | B8: Fix compatibility issues for drop down menus in FAI/CPK sheets to be compatible with pre 2010 versions of excel | C8: 41333 | D8: Tooling Engineering - MN
A9: D | B9: Fix formula in steel measurement sheet on row 14 for after shrink calculation Fix formula error on Cp row in the "CPK" worksheet to work correctly for items tagged as a GDT feature with "YES" option Removed table from "Process Parameter" worksheet | C9: 41871 | D9: Tooling Engineering - MN
A10: E | B10: Add serial number column to the CPK worksheet Aligned the data columns to the spec columns on the CPK work sheet Modify instructions for GDT feature definition in the instruction sheet | C10: 42886 | D10: Tooling Engineering - MN
A11: F | B11: Fixed Issues with attaching files | C11: 42906 | D11: Tooling Engineering - MN
A12: G | B12: - Fixed steel measurement worksheet locked cells to be able to edit (last three columns in the header) - No longer need to enter 0.0001 for zero tolerances. (Note "For 0.00 tolerance enter 0.0001" in the instructions tab removed) - Conditional formatting added to the FAI sheet data entry cells - Change formulas in FAI sheet to enable calculations when the first column is empty - Allow formulas in the FAI sheet to work if + or - tolerance cell is blank - Add total dimension numbers calculation table on top of the FAI sheet | C12: 43493 | D12: Tooling Engineering - MN
A13: H | B13: - Correction to the total dimension numbers calculation table on top of the FAI sheet - Add conditional formatting to the CPK sheet for out of spec(Red) measurements and outliers(Orange) - Remove chart from the CPK sheet - Added Note to Instructions worksheet for GR&R, FAI and CPK data collection - Removed Grid lines from the instruction sheet - Additional instructions in FAI, CPK and GR&R section of instruction worksheet | C13: 43544 | D13: Tooling Engineering - MN
A14: J | B14: - Added "GRR Data" Tab for mass data input and GRR calculations. Format enables post-processing. - Revised GR&R: ANOVA method with rules checking, formatting, plots/graphs and explanations, enabled GR option. - Added GRR Plots Tab, toggling visual data by Dim ID. - Revised Cpk tab: ≤500 CTF, format OOS & Outlier, header required, added plots, "Submission" clarified, ±3σ ~ ±6σ tol added, low Cpk note added, Dim Type field added. - Revised FAI: Formulas accept "0" tolerance input, auto-populated GRR%. - Summary: GRR & Cpk data linked, GRR columns added, Ref tolerance data added, summary charts added. | C14: 44915 | D14: Dimensional Mgmt - LM
A15: K | B15: - Enabled "object" insert function (relaxed protections). - Cpk tab: Added Supplier Dim ID & Cavity rows. Rows 11-13 now required. Corrected Cpkl formula. - FAI tab: If Mean = 0, now displayed (was blank), if measured=0 now yellow and deviation now calculates. - GRR Data & Plots: Set conditional defaults (IF GageError>PTP Variation, set PV=0 & ndc=1) - Summary Tab: Linked Cpk by Cavity. - Rounded many calculations to 10 decimal places to mitigate near-zero rounding errors | C15: 45082 | D15: Dimensional Mgmt - LM

Sheet Table of contents
A1: Table of Contents
A2: Instructions | E2: Doc # | F2: ='Revision block'!B1 -> H001122
A3: Tool and Part Trial Definitions | E3: Rev : | F3: ='Revision block'!B2 -> K
A4: Drawing | E4: Rev date : | F4: ='Revision block'!B3 -> 45082
A5: Summary
A6: Steel Measurement
A7: Note Verifications
A8: FAI
A9: Cpk
A10: GRR Data
A11: GRR Plots
A12: Tool Steel COC
A13: Heat Treat COC
A14: Part Material COC
A15: Process Parameter
A16: Residence Time
... A22: Packaging Instructions

Sheet Instructions
A1: Table of Contents | P1: Doc # | Q1: ='Revision block'!B1 -> H001122
G2: Production Part Approval Process (PPAP) | P2: Rev : | Q2: ='Revision block'!B2 -> K
P3: Rev date : | Q3: ='Revision block'!B3 -> 45082
A9: Instructions for use
A11: General:
A12: - Do not delete any of the worksheets from the file even if they are not used and/or not required to submit
A13: - Do not copy worksheets from other files. Use the current worksheet and use paste special to copy data
A14: - For every PPAP report, use a fresh template. Do not copy from previous PPAP worksheets that are already filled out.
A15: - If you are pasting data into the spreadsheet, please "paste special" , "values". This prevents formatting from being overwritten
A16: - Parts should be marked corresponding with the sequence number on the FAI and Cpk forms
A17: - Critical dimensions are identified with a dark filled square. Process Control dimensions are denoted with a dark filled triangle on the 2D drawings
A20: Drawing Worksheet
A21: Copy and paste the 2D drawing in the Drawing worksheet, can be an embedded file
A23: Summary worksheet:
A24: Fill out all the necessary cells in the header that applies
... A43: A minimum 3 parts per cavity required for FAI measurement. This number can be increased by the request from customer
B44: Enter measurements in light blue cells for the corresponding FAI sample
B45: Unused cells may be left blank
A46: Enter the drawing number, revision number and date of the revision release in header
A47: For multiple cavities, copy the FAI worksheet after entering the header and drawing information in the original FAI worksheet form. Worksheets should be renamed to "FAI X" or "Cpk X" where X is the cavity number
A48: FAI is also required for any relevant specifications in the notes section of the drawing
B49: Item = Enter dimension number on the drawing. All drawing features and dimensions will be ballooned with a number including notes
B50: Grid square = Enter drawing zone where the ballooned dimension is located. Example 2-C3 meaning page 2 zone C3
B51: Dim Type: = Select the appropriate dim type from the drop down menu. On 2d drawings…Black square = CTF, Black triangle = Process Control Dim, (xxx.x) = Reference dim, all others are Std. dims.
B52: Nominal = Enter nominal dimension
B53: +Tol and -Tol = Enter upper and Lower tolerance on the drawing for the corresponding nominal dimension
D54: Only enter absolute values for tolerances, do not include + or -
B55: GRR = Enter the Gage repeatability and reproducibility calculation for all Critical To Function (CTF) and Process Control dimensions (PCD)
B56: Measurement Instrument = Select the type of measuring equipment used to measure the corresponding dimension from the drop down menu.
B57: Supplier action plan and comments = Here the supplier enters comments and identifies actions for correcting the out of spec dimension. Including steel safe condition or not.
C58: Supplier action plan and comments only need to be entered for dimensions that have been flagged as "Reject" or "Alert"
A59: Yes
A60: Cpk Worksheet:
A61: Perform GR&R on all CTF, CTS and PCD dimensions. Data is only valid after complete and passing GR&R for CTF, CTS and PCD dimensions
A62: Fill out the light blue highlighted cells with the collected data. Enter N/A when they are not relevant.
A63: Supplier expected to maintain tracking log, listing each Cpk study submission (log to include PN including variation suffix, date, equipment/line, etc. that describes batch of parts).
A64: Molded plastic parts for Cpk analysis are to be collected:
A65: > after 1 hour of stable operation under process parameters called out in run sheet and PMP.
A66: > One part out of every X parts molded. (X=5 unless otherwise specified)
A67: During this time, adjustments to the process are not allowed.
A68: Under no circumstance are any of the parts drawn for Cpk sample to be excluded from the Cpk analysis.
A69: Samples of stamped metal parts for Cpk analysis are to be collected:
A70: > after 15 minutes of stable operation under process parameters called out in run sheet and PMP.
... A74: Select "Yes" from the drop down menu to identify each GDT feature.
B75: GDT Feature: = Select "Yes" from the drop down menu to identify each GDT feature. (GDT feature is when the Nominal Spec is 0.00 with a unilateral tolerance)
A77: GR&R Worksheet:
A78: Perform GR&R on all CTF, CTS and PCD dimensions. Data is only valid after complete and passing GR&R for CTF, CTS and PCD dimensions
A79: GR&R is required for all Critical To Function(CTF), Critical To Safety (CTS) and Process Control Dimensions(PCD), and anytime that any CTF, CTS and PCD measurement is reported.
A80: GR&R may be required for other dimensions as requested by customer.
A81: Fill out the light blue highlighted cells with the collected data.
A82: Complete GR&R:
B83: 3 Operators
B84: 10 parts or Assemblies
B85: 3 Trials
A86: TTL = total of the negative and positive tolerance numbers
A87: Zero = Measuring instrument accuracy
A88: GR&R is not required for repeat tooling for a given part geometry unless the following is true, then GR&R is required again
B89: Part geometry is new or changed
B90: Part dimensioning has changed
B91: Measurement system is new or changed (this includes changes to fixtures, methods and machines)
B92: Manufacturing location changes
B93: Measurement facility location changes
A95: Tool Steel COC
A96: Attach tool steel certificate of compliance to this sheet.
A98: Heat Treat COC
A99: Attach heat Treatment certificate of compliance to this sheet.
A101: Part Material COC
A102: Attach Material certificate of compliance to this sheet.
A104: Process Parameter
A105: Either attach molding process parameters in PDF format here or enter molding process parameters in the provided template
A107: Process Parameter
A108: Enter process parameters into worksheet on this page.
A110: Residence Time
A111: Enter process parameters into worksheet on this page.
... A129: Attach part packaging and labeling instructions to this sheet.

Sheet Tool and Part Trial Definitions
A1: Table of Contents | E1: Doc # | F1: ='Revision block'!B1 -> H001122
E2: Rev : | F2: ='Revision block'!B2 -> K
A3: Tool and Part Trial Definitions | E3: Rev date : | F3: ='Revision block'!B3 -> 45082
A4: 1 | B4: Part design release | C4: Preliminary 2d and 3d release for DFM iterations
A5: 2 | B5: DFM | C5: DFM iterations + start tool design concept including Jigs and fixture if necessary
A6: 3 | B6: Preliminary Tool design | C6: Provided after DFM review and approval by Tooling engineering and ME team
A7: 4 | B7: Tool design Review | C7: Reviewed by Tooling and ME team
A8: 5 | B8: Tool design approval | C8: Approval by Tooling Engineering and ME team
A9: 6 | B9: Tool kick off | C9: Final DFM, Tool design approved. Final 3d and 2d part design released for tooling
A10: 7 | B10: Tool trials | C10: All tool trials for tooling and part approval costs including press time, materials is included in original tool cost This includes 3-5 FAI parts, 30-50 Cpk parts, all measurement activities for all trials iterations until acceptable and approved All other requested sample requests at each trial will be extra
B12: T0 | C12: Tool function trial only to check for tooling function issues
C13: Run and managed by trained and skilled molding technician
C14: If no tooling function issues, collect 10 samples
C15: Check parts for tooling defects including short shot, flash, missing features, ….
C16: Preliminary fitting of the jigs and fixtures if necessary
C17: Preliminary check of the part to mating parts if available
C18: Make corrections to tooling if necessary
C19: Multiple T0 sampling may be required by supplier until all tooling issues are resolved and for preliminary process development
C20: Once all tooling issues are resolved and tooling adjustments made, proceed to T1
B22: T1 | C22: Tooling trial after all T0 and tooling issues have been corrected
C23: Run and managed by trained and skilled molding technician
C24: Process development and window study
C25: Collect 10 parts at random for GR&R data collection for measurements
C26: Collect 3-5 FAI parts after parameters are set and stable process (see instruction sheet for FAI data collection)
C27: FAI measurements to be collected after acceptable GR&R
C28: Make adjustments if necessary and proceed to T2
C29: Some T1 quantities will be required for final assembly check(this is additional cost to customer)
B31: T2 | C31: Tooling trial after all T1 and tooling and part dimensions issues have been corrected
C32: Run and managed by trained and skilled molding technician
C33: Process should be similar to T1 with minor adjustments
C34: Collect 10 parts at random for GR&R data collection for measurements
C35: Collect 3-5 FAI parts and 30-50 Cpk parts after parameters are set and stable process (see instruction sheet for FAI/Cpk/GRR data collection)
C36: FAI/Cpk measurements to be collected after acceptable GR&R
C37: Make adjustments if necessary and proceed to next trial if necessary
B39: T3, T4, Etc…. | C39: Repeat trials similar to T2 until accepted and approved
B41: TF | C41: This is after the FAI report has been approved and the supplier has been instructed to proceed to TF
C42: This is production sample. Run or managed by a production molding technician
C43: Tool must run at the approved FAI molding parameters, running fully automatic in the production molding press
C44: Robots or any other auxiliary equipment must be fully operational
C45: Process adjustments are not allowed without approval
C46: Any necessary process adjustments need to be reviewed and approved
C47: Collect 10 parts at random for GR&R data collection for measurements
C48: Collect 3-5 FAI parts and 30-50 Cpk parts after parameters are set and stable process (see instruction sheet for FAI/Cpk/GRR data collection)
C49: FAI/Cpk measurements to be collected after acceptable GR&R
C50: Complete PPAP document is required for approval
C51: Cosmetic limit samples and golden limit samples finalized.
A53: 8 | B53: Approval | C53: Final approval for production

Sheet Drawing
A1: Table of Contents | Q1: Doc # | R1: ='Revision block'!B1 -> H001122
B2: Attach PDF drawing here | Q2: Rev : | R2: ='Revision block'!B2 -> K
Q3: Rev date : | R3: ='Revision block'!B3 -> 45082

Sheet Summary
C1: Table of Contents | Q1: GR&R %PT Acceptance Criteria: | AD1: GRR Acceptance Limits
L2: Document Number: | O2: ='Revision block'!B1 -> H001122 | Q2: Tier 1 & Tier 1.5: | S2: 0.2 | AD2: CTS | AE2: 0.1
B3: Component PPAP Qualification Template | L3: Revision Level : | O3: ='Revision block'!B2 -> K | Q3: Tier 2: | S3: 0.3 | AD3: T1 & T1.5 | AE3: 0.2
L4: Revision Date : | O4: ='Revision block'!B3 -> 45082 | Q4: Criteria applied: | S4: 0.2 | T4: = Red | U4: ← Enter correct criteria here | AD4: T2 | AE4: 0.3
B5: 1. General Information
C6: Customer : | H6: mSOP Hyperlink: | Q6: GRR% Summary
C7: Project Name : | H7: Issue Date : | Q7: GRR Range | S7: Count | T7: Percent | U7: Spec. Ratings
C8: Asset # : | H8: Product division : | Q8: GRR > 30% | S8: =IF(S4=0.3,COUNTIF(H22:H521,">0.3"),"N/A") -> N/A | T8: =IF(OR((SUM($S$9:$S$12)=0),S8="N/A"),"",S8/SUM($S$9:$S$12)) | U8: Extended Range Tier 2 D02641 Requirements
C9: Die or Mold # : | H9: Tool Section : | Q9: 20% < GRR ≤ 30% | S9: =IF(S4=0.3,COUNTIF(H22:H521,"<="&0.3)-(S11+S12),"N/A") -> N/A | T9: =IF(OR((SUM($S$8:$S$12)=0),S9="N/A"),"",S9/SUM($S$8:$S$12))
C10: Tool Maker : | H10: Press or Injection Machine : | Q10: GRR > 20% | S10: =IF(S4=0.3,"N/A",COUNTIF(H22:H521,">0.2")) -> 0 | T10: =IF(SUM($S$8:$S$12)=0,"",S10/SUM($S$8:$S$12)) | U10: Tier 1 & Tier 1.5 H001122 PPAP Requirements
C11: Part Name : | H11: Shot Weight : | Q11: 10% < GRR ≤ 20% | S11: =COUNTIF(H22:H521,"<="&0.2)-S12 -> 0 | T11: =IF(SUM($S$8:$S$12)=0,"",S11/SUM($S$8:$S$12))
C12: Part/Product # : | H12: Product weight : | Q12: GRR ≤ 10% | S12: =COUNTIF(H22:H521,"<="&0.1) -> 0 | T12: =IF(SUM($S$8:$S$12)=0,"",S12/SUM($S$8:$S$12))
C13: Part drawing# :
C14: Rev # and date : | H14: Inspection Date : | Q14: Cpk Summary
C15: # of cavities : | H15: Prepare By : | Q15: Value | R15: X < 1.33 | S15: 1.33≤X<1.67 | T15: X ≥ 1.67
C16: Material Color : | Q16: Cpk count | R16: =COUNTIF(M22:M521,"<"&1.33) -> 0 | S16: =COUNTIF(M22:M521,"<"&1.67)-R16 -> 0 | T16: =COUNTIF(M22:M521,">="&1.67) -> 0
C17: Raw Material : | H17: Mold Shrink : | Q17: Cpk % | R17: =IF(R16="","",IF(SUM($R$16:$T$16)=0,"",R16/SUM($R$16:$T$16))) | S17: =IF(S16="","",IF(SUM($R$16:$T$16)=0,"",S16/SUM($R$16:$T$16))) | T17: =IF(T16="","",IF(SUM($R$16:$T$16)=0,"",T16/SUM($R$16:$T$16))) | V17: Approval Loop
X18: Reference Information (Tolerance Required to Attain target GRR %PT at 10%, 20% or 30% of Part Tolerance)
B20: 2.Critical Dimension And Process Dimension Capability Evaluation: | M20: Cpk by Cavity / Cell | X20: Total Tolerance for GRR% | AA20: ± Tolerance for GRR %
B21: Item # | C21: Dim# | D21: Specification (MM) | E21: USL | F21: LSL | G21: Measuring Equipment(s) | H21: GR&R %PT | I21: GR&R ndc | J21: GR&R %SD | K21: GR&R PT Observed | L21: GR&R % Repeat | M21: 1 | N21: 2 | O21: 3 | P21: 4 | Q21: 5 | R21: 6 | S21: 7 | T21: 8 | U21: Supplier comment (Supplier GRR%) | V21: Steel measurement including shrink | W21: Customer Comments | X21: 0.1 | Y21: 0.2 | Z21: 0.3 | AA21: 0.1 | AB21: 0.2 | AC21: 0.3
B22: 1 | C22: {=IF('GRR Data'!C5="","",'GRR Data'!C5)} | D22: {=IF('GRR Data'!D5="","",'GRR Data'!D5)} | E22: {=IF('GRR Data'!G5="","",'GRR Data'!G5)} | F22: {=IF('GRR Data'!H5="","",'GRR Data'!H5)} | G22: {=IF('GRR Data'!K5="","",'GRR Data'!K5)} | H22: {=TRANSPOSE('GRR Data'!DD244:WI244)} -> #VALUE! | I22: {=TRANSPOSE('GRR Data'!DD245:WI245)} -> #VALUE! | J22: {=TRANSPOSE('GRR Data'!DD246:WI246)} -> #VALUE! | K22: {=TRANSPOSE('GRR Data'!DD248:WI248)} | L22: {=TRANSPOSE('GRR Data'!DD249:WI249)} | M22: {=IF($C22="","",_xlfn.XLOOKUP($C22&M$21,#REF!&#REF!,#REF!))} | N22: {=IF($C22="","",_xlfn.XLOOKUP($C22&N$21,#REF!&#REF!,#REF!))} | O22: {=IF($C22="","",_xlfn.XLOOKUP($C22&O$21,#REF!&#REF!,#REF!))} | P22: {=IF($C22="","",_xlfn.XLOOKUP($C22&P$21,#REF!&#REF!,#REF!))} | Q22: {=IF($C22="","",_xlfn.XLOOKUP($C22&Q$21,#REF!&#REF!,#REF!))} | R22: {=IF($C22="","",_xlfn.XLOOKUP($C22&R$21,#REF!&#REF!,#REF!))} | S22: {=IF($C22="","",_xlfn.XLOOKUP($C22&S$21,#REF!&#REF!,#REF!))} | T22: {=IF($C22="","",_xlfn.XLOOKUP($C22&T$21,#REF!&#REF!,#REF!))} | X22: =IF(H22="","",(H22/$X$21)*(E22-F22)) -> #VALUE! | Y22: =IF(H22="","",(H22/$Y$21)*(E22-F22)) -> #VALUE! | Z22: =IF(H22="","",(H22/$Z$21)*(E22-F22)) -> #VALUE! | AA22: =IF(X22="","",X22/2) -> #VALUE! | AB22: =IF(Y22="","",Y22/2) -> #VALUE! | AC22: =IF(Z22="","",Z22/2) -> #VALUE!
B23: 2 | C23: {=IF('GRR Data'!C6="","",'GRR Data'!C6)} | D23: {=IF('GRR Data'!D6="","",'GRR Data'!D6)} | E23: {=IF('GRR Data'!G6="","",'GRR Data'!G6)} | F23: {=IF('GRR Data'!H6="","",'GRR Data'!H6)} | G23: {=IF('GRR Data'!K6="","",'GRR Data'!K6)} | H23: #VALUE! | I23: #VALUE! | J23: #VALUE! | M23: {=IF($C23="","",_xlfn.XLOOKUP($C23&M$21,#REF!&#REF!,#REF!))} | N23: {=IF($C23="","",_xlfn.XLOOKUP($C23&N$21,#REF!&#REF!,#REF!))} | O23: {=IF($C23="","",_xlfn.XLOOKUP($C23&O$21,#REF!&#REF!,#REF!))} | P23: {=IF($C23="","",_xlfn.XLOOKUP($C23&P$21,#REF!&#REF!,#REF!))} | Q23: {=IF($C23="","",_xlfn.XLOOKUP($C23&Q$21,#REF!&#REF!,#REF!))} | R23: {=IF($C23="","",_xlfn.XLOOKUP($C23&R$21,#REF!&#REF!,#REF!))} | S23: {=IF($C23="","",_xlfn.XLOOKUP($C23&S$21,#REF!&#REF!,#REF!))} | T23: {=IF($C23="","",_xlfn.XLOOKUP($C23&T$21,#REF!&#REF!,#REF!))} | X23: =IF(H23="","",(H23/$X$21)*(E23-F23)) -> #VALUE! | Y23: =IF(H23="","",(H23/$Y$21)*(E23-F23)) -> #VALUE! | Z23: =IF(H23="","",(H23/$Z$21)*(E23-F23)) -> #VALUE! | AA23: =IF(X23="","",X23/2) -> #VALUE! | AB23: =IF(Y23="","",Y23/2) -> #VALUE! | AC23: =IF(Z23="","",Z23/2) -> #VALUE!
B24: 3 | C24: {=IF('GRR Data'!C7="","",'GRR Data'!C7)} | D24: {=IF('GRR Data'!D7="","",'GRR Data'!D7)} | E24: {=IF('GRR Data'!G7="","",'GRR Data'!G7)} | F24: {=IF('GRR Data'!H7="","",'GRR Data'!H7)} | G24: {=IF('GRR Data'!K7="","",'GRR Data'!K7)} | H24: #VALUE! | I24: #VALUE! | J24: #VALUE! | M24: {=IF($C24="","",_xlfn.XLOOKUP($C24&M$21,#REF!&#REF!,#REF!))} | N24: {=IF($C24="","",_xlfn.XLOOKUP($C24&N$21,#REF!&#REF!,#REF!))} | O24: {=IF($C24="","",_xlfn.XLOOKUP($C24&O$21,#REF!&#REF!,#REF!))} | P24: {=IF($C24="","",_xlfn.XLOOKUP($C24&P$21,#REF!&#REF!,#REF!))} | Q24: {=IF($C24="","",_xlfn.XLOOKUP($C24&Q$21,#REF!&#REF!,#REF!))} | R24: {=IF($C24="","",_xlfn.XLOOKUP($C24&R$21,#REF!&#REF!,#REF!))} | S24: {=IF($C24="","",_xlfn.XLOOKUP($C24&S$21,#REF!&#REF!,#REF!))} | T24: {=IF($C24="","",_xlfn.XLOOKUP($C24&T$21,#REF!&#REF!,#REF!))} | X24: =IF(H24="","",(H24/$X$21)*(E24-F24)) -> #VALUE! | Y24: =IF(H24="","",(H24/$Y$21)*(E24-F24)) -> #VALUE! | Z24: =IF(H24="","",(H24/$Z$21)*(E24-F24)) -> #VALUE! | AA24: =IF(X24="","",X24/2) -> #VALUE! | AB24: =IF(Y24="","",Y24/2) -> #VALUE! | AC24: =IF(Z24="","",Z24/2) -> #VALUE!
B25: 4 | C25: {=IF('GRR Data'!C8="","",'GRR Data'!C8)} | D25: {=IF('GRR Data'!D8="","",'GRR Data'!D8)} | E25: {=IF('GRR Data'!G8="","",'GRR Data'!G8)} | F25: {=IF('GRR Data'!H8="","",'GRR Data'!H8)} | G25: {=IF('GRR Data'!K8="","",'GRR Data'!K8)} | H25: #VALUE! | I25: #VALUE! | J25: #VALUE! | M25: {=IF($C25="","",_xlfn.XLOOKUP($C25&M$21,#REF!&#REF!,#REF!))} | N25: {=IF($C25="","",_xlfn.XLOOKUP($C25&N$21,#REF!&#REF!,#REF!))} | O25: {=IF($C25="","",_xlfn.XLOOKUP($C25&O$21,#REF!&#REF!,#REF!))} | P25: {=IF($C25="","",_xlfn.XLOOKUP($C25&P$21,#REF!&#REF!,#REF!))} | Q25: {=IF($C25="","",_xlfn.XLOOKUP($C25&Q$21,#REF!&#REF!,#REF!))} | R25: {=IF($C25="","",_xlfn.XLOOKUP($C25&R$21,#REF!&#REF!,#REF!))} | S25: {=IF($C25="","",_xlfn.XLOOKUP($C25&S$21,#REF!&#REF!,#REF!))} | T25: {=IF($C25="","",_xlfn.XLOOKUP($C25&T$21,#REF!&#REF!,#REF!))} | X25: =IF(H25="","",(H25/$X$21)*(E25-F25)) -> #VALUE! | Y25: =IF(H25="","",(H25/$Y$21)*(E25-F25)) -> #VALUE! | Z25: =IF(H25="","",(H25/$Z$21)*(E25-F25)) -> #VALUE! | AA25: =IF(X25="","",X25/2) -> #VALUE! | AB25: =IF(Y25="","",Y25/2) -> #VALUE! | AC25: =IF(Z25="","",Z25/2) -> #VALUE!
B26: 5 | C26: {=IF('GRR Data'!C9="","",'GRR Data'!C9)} | D26: {=IF('GRR Data'!D9="","",'GRR Data'!D9)} | E26: {=IF('GRR Data'!G9="","",'GRR Data'!G9)} | F26: {=IF('GRR Data'!H9="","",'GRR Data'!H9)} | G26: {=IF('GRR Data'!K9="","",'GRR Data'!K9)} | H26: #VALUE! | I26: #VALUE! | J26: #VALUE! | M26: {=IF($C26="","",_xlfn.XLOOKUP($C26&M$21,#REF!&#REF!,#REF!))} | N26: {=IF($C26="","",_xlfn.XLOOKUP($C26&N$21,#REF!&#REF!,#REF!))} | O26: {=IF($C26="","",_xlfn.XLOOKUP($C26&O$21,#REF!&#REF!,#REF!))} | P26: {=IF($C26="","",_xlfn.XLOOKUP($C26&P$21,#REF!&#REF!,#REF!))} | Q26: {=IF($C26="","",_xlfn.XLOOKUP($C26&Q$21,#REF!&#REF!,#REF!))} | R26: {=IF($C26="","",_xlfn.XLOOKUP($C26&R$21,#REF!&#REF!,#REF!))} | S26: {=IF($C26="","",_xlfn.XLOOKUP($C26&S$21,#REF!&#REF!,#REF!))} | T26: {=IF($C26="","",_xlfn.XLOOKUP($C26&T$21,#REF!&#REF!,#REF!))} | X26: =IF(H26="","",(H26/$X$21)*(E26-F26)) -> #VALUE! | Y26: =IF(H26="","",(H26/$Y$21)*(E26-F26)) -> #VALUE! | Z26: =IF(H26="","",(H26/$Z$21)*(E26-F26)) -> #VALUE! | AA26: =IF(X26="","",X26/2) -> #VALUE! | AB26: =IF(Y26="","",Y26/2) -> #VALUE! | AC26: =IF(Z26="","",Z26/2) -> #VALUE!
B27: 6 | C27: {=IF('GRR Data'!C10="","",'GRR Data'!C10)} | D27: {=IF('GRR Data'!D10="","",'GRR Data'!D10)} | E27: {=IF('GRR Data'!G10="","",'GRR Data'!G10)} | F27: {=IF('GRR Data'!H10="","",'GRR Data'!H10)} | G27: {=IF('GRR Data'!K10="","",'GRR Data'!K10)} | H27: #VALUE! | I27: #VALUE! | J27: #VALUE! | M27: {=IF($C27="","",_xlfn.XLOOKUP($C27&M$21,#REF!&#REF!,#REF!))} | N27: {=IF($C27="","",_xlfn.XLOOKUP($C27&N$21,#REF!&#REF!,#REF!))} | O27: {=IF($C27="","",_xlfn.XLOOKUP($C27&O$21,#REF!&#REF!,#REF!))} | P27: {=IF($C27="","",_xlfn.XLOOKUP($C27&P$21,#REF!&#REF!,#REF!))} | Q27: {=IF($C27="","",_xlfn.XLOOKUP($C27&Q$21,#REF!&#REF!,#REF!))} | R27: {=IF($C27="","",_xlfn.XLOOKUP($C27&R$21,#REF!&#REF!,#REF!))} | S27: {=IF($C27="","",_xlfn.XLOOKUP($C27&S$21,#REF!&#REF!,#REF!))} | T27: {=IF($C27="","",_xlfn.XLOOKUP($C27&T$21,#REF!&#REF!,#REF!))} | X27: =IF(H27="","",(H27/$X$21)*(E27-F27)) -> #VALUE! | Y27: =IF(H27="","",(H27/$Y$21)*(E27-F27)) -> #VALUE! | Z27: =IF(H27="","",(H27/$Z$21)*(E27-F27)) -> #VALUE! | AA27: =IF(X27="","",X27/2) -> #VALUE! | AB27: =IF(Y27="","",Y27/2) -> #VALUE! | AC27: =IF(Z27="","",Z27/2) -> #VALUE!
B28: 7 | C28: {=IF('GRR Data'!C11="","",'GRR Data'!C11)} | D28: {=IF('GRR Data'!D11="","",'GRR Data'!D11)} | E28: {=IF('GRR Data'!G11="","",'GRR Data'!G11)} | F28: {=IF('GRR Data'!H11="","",'GRR Data'!H11)} | G28: {=IF('GRR Data'!K11="","",'GRR Data'!K11)} | H28: #VALUE! | I28: #VALUE! | J28: #VALUE! | M28: {=IF($C28="","",_xlfn.XLOOKUP($C28&M$21,#REF!&#REF!,#REF!))} | N28: {=IF($C28="","",_xlfn.XLOOKUP($C28&N$21,#REF!&#REF!,#REF!))} | O28: {=IF($C28="","",_xlfn.XLOOKUP($C28&O$21,#REF!&#REF!,#REF!))} | P28: {=IF($C28="","",_xlfn.XLOOKUP($C28&P$21,#REF!&#REF!,#REF!))} | Q28: {=IF($C28="","",_xlfn.XLOOKUP($C28&Q$21,#REF!&#REF!,#REF!))} | R28: {=IF($C28="","",_xlfn.XLOOKUP($C28&R$21,#REF!&#REF!,#REF!))} | S28: {=IF($C28="","",_xlfn.XLOOKUP($C28&S$21,#REF!&#REF!,#REF!))} | T28: {=IF($C28="","",_xlfn.XLOOKUP($C28&T$21,#REF!&#REF!,#REF!))} | X28: =IF(H28="","",(H28/$X$21)*(E28-F28)) -> #VALUE! | Y28: =IF(H28="","",(H28/$Y$21)*(E28-F28)) -> #VALUE! | Z28: =IF(H28="","",(H28/$Z$21)*(E28-F28)) -> #VALUE! | AA28: =IF(X28="","",X28/2) -> #VALUE! | AB28: =IF(Y28="","",Y28/2) -> #VALUE! | AC28: =IF(Z28="","",Z28/2) -> #VALUE!
B29: 8 | C29: {=IF('GRR Data'!C12="","",'GRR Data'!C12)} | D29: {=IF('GRR Data'!D12="","",'GRR Data'!D12)} | E29: {=IF('GRR Data'!G12="","",'GRR Data'!G12)} | F29: {=IF('GRR Data'!H12="","",'GRR Data'!H12)} | G29: {=IF('GRR Data'!K12="","",'GRR Data'!K12)} | H29: #VALUE! | I29: #VALUE! | J29: #VALUE! | M29: {=IF($C29="","",_xlfn.XLOOKUP($C29&M$21,#REF!&#REF!,#REF!))} | N29: {=IF($C29="","",_xlfn.XLOOKUP($C29&N$21,#REF!&#REF!,#REF!))} | O29: {=IF($C29="","",_xlfn.XLOOKUP($C29&O$21,#REF!&#REF!,#REF!))} | P29: {=IF($C29="","",_xlfn.XLOOKUP($C29&P$21,#REF!&#REF!,#REF!))} | Q29: {=IF($C29="","",_xlfn.XLOOKUP($C29&Q$21,#REF!&#REF!,#REF!))} | R29: {=IF($C29="","",_xlfn.XLOOKUP($C29&R$21,#REF!&#REF!,#REF!))} | S29: {=IF($C29="","",_xlfn.XLOOKUP($C29&S$21,#REF!&#REF!,#REF!))} | T29: {=IF($C29="","",_xlfn.XLOOKUP($C29&T$21,#REF!&#REF!,#REF!))} | X29: =IF(H29="","",(H29/$X$21)*(E29-F29)) -> #VALUE! | Y29: =IF(H29="","",(H29/$Y$21)*(E29-F29)) -> #VALUE! | Z29: =IF(H29="","",(H29/$Z$21)*(E29-F29)) -> #VALUE! | AA29: =IF(X29="","",X29/2) -> #VALUE! | AB29: =IF(Y29="","",Y29/2) -> #VALUE! | AC29: =IF(Z29="","",Z29/2) -> #VALUE!
B30: 9 | C30: {=IF('GRR Data'!C13="","",'GRR Data'!C13)} | D30: {=IF('GRR Data'!D13="","",'GRR Data'!D13)} | E30: {=IF('GRR Data'!G13="","",'GRR Data'!G13)} | F30: {=IF('GRR Data'!H13="","",'GRR Data'!H13)} | G30: {=IF('GRR Data'!K13="","",'GRR Data'!K13)} | H30: #VALUE! | I30: #VALUE! | J30: #VALUE! | M30: {=IF($C30="","",_xlfn.XLOOKUP($C30&M$21,#REF!&#REF!,#REF!))} | N30: {=IF($C30="","",_xlfn.XLOOKUP($C30&N$21,#REF!&#REF!,#REF!))} | O30: {=IF($C30="","",_xlfn.XLOOKUP($C30&O$21,#REF!&#REF!,#REF!))} | P30: {=IF($C30="","",_xlfn.XLOOKUP($C30&P$21,#REF!&#REF!,#REF!))} | Q30: {=IF($C30="","",_xlfn.XLOOKUP($C30&Q$21,#REF!&#REF!,#REF!))} | R30: {=IF($C30="","",_xlfn.XLOOKUP($C30&R$21,#REF!&#REF!,#REF!))} | S30: {=IF($C30="","",_xlfn.XLOOKUP($C30&S$21,#REF!&#REF!,#REF!))} | T30: {=IF($C30="","",_xlfn.XLOOKUP($C30&T$21,#REF!&#REF!,#REF!))} | X30: =IF(H30="","",(H30/$X$21)*(E30-F30)) -> #VALUE! | Y30: =IF(H30="","",(H30/$Y$21)*(E30-F30)) -> #VALUE! | Z30: =IF(H30="","",(H30/$Z$21)*(E30-F30)) -> #VALUE! | AA30: =IF(X30="","",X30/2) -> #VALUE! | AB30: =IF(Y30="","",Y30/2) -> #VALUE! | AC30: =IF(Z30="","",Z30/2) -> #VALUE!
B31: 10 | C31: {=IF('GRR Data'!C14="","",'GRR Data'!C14)} | D31: {=IF('GRR Data'!D14="","",'GRR Data'!D14)} | E31: {=IF('GRR Data'!G14="","",'GRR Data'!G14)} | F31: {=IF('GRR Data'!H14="","",'GRR Data'!H14)} | G31: {=IF('GRR Data'!K14="","",'GRR Data'!K14)} | H31: #VALUE! | I31: #VALUE! | J31: #VALUE! | M31: {=IF($C31="","",_xlfn.XLOOKUP($C31&M$21,#REF!&#REF!,#REF!))} | N31: {=IF($C31="","",_xlfn.XLOOKUP($C31&N$21,#REF!&#REF!,#REF!))} | O31: {=IF($C31="","",_xlfn.XLOOKUP($C31&O$21,#REF!&#REF!,#REF!))} | P31: {=IF($C31="","",_xlfn.XLOOKUP($C31&P$21,#REF!&#REF!,#REF!))} | Q31: {=IF($C31="","",_xlfn.XLOOKUP($C31&Q$21,#REF!&#REF!,#REF!))} | R31: {=IF($C31="","",_xlfn.XLOOKUP($C31&R$21,#REF!&#REF!,#REF!))} | S31: {=IF($C31="","",_xlfn.XLOOKUP($C31&S$21,#REF!&#REF!,#REF!))} | T31: {=IF($C31="","",_xlfn.XLOOKUP($C31&T$21,#REF!&#REF!,#REF!))} | X31: =IF(H31="","",(H31/$X$21)*(E31-F31)) -> #VALUE! | Y31: =IF(H31="","",(H31/$Y$21)*(E31-F31)) -> #VALUE! | Z31: =IF(H31="","",(H31/$Z$21)*(E31-F31)) -> #VALUE! | AA31: =IF(X31="","",X31/2) -> #VALUE! | AB31: =IF(Y31="","",Y31/2) -> #VALUE! | AC31: =IF(Z31="","",Z31/2) -> #VALUE!
B32: 11 | C32: {=IF('GRR Data'!C15="","",'GRR Data'!C15)} | D32: {=IF('GRR Data'!D15="","",'GRR Data'!D15)} | E32: {=IF('GRR Data'!G15="","",'GRR Data'!G15)} | F32: {=IF('GRR Data'!H15="","",'GRR Data'!H15)} | G32: {=IF('GRR Data'!K15="","",'GRR Data'!K15)} | H32: #VALUE! | I32: #VALUE! | J32: #VALUE! | M32: {=IF($C32="","",_xlfn.XLOOKUP($C32&M$21,#REF!&#REF!,#REF!))} | N32: {=IF($C32="","",_xlfn.XLOOKUP($C32&N$21,#REF!&#REF!,#REF!))} | O32: {=IF($C32="","",_xlfn.XLOOKUP($C32&O$21,#REF!&#REF!,#REF!))} | P32: {=IF($C32="","",_xlfn.XLOOKUP($C32&P$21,#REF!&#REF!,#REF!))} | Q32: {=IF($C32="","",_xlfn.XLOOKUP($C32&Q$21,#REF!&#REF!,#REF!))} | R32: {=IF($C32="","",_xlfn.XLOOKUP($C32&R$21,#REF!&#REF!,#REF!))} | S32: {=IF($C32="","",_xlfn.XLOOKUP($C32&S$21,#REF!&#REF!,#REF!))} | T32: {=IF($C32="","",_xlfn.XLOOKUP($C32&T$21,#REF!&#REF!,#REF!))} | X32: =IF(H32="","",(H32/$X$21)*(E32-F32)) -> #VALUE! | Y32: =IF(H32="","",(H32/$Y$21)*(E32-F32)) -> #VALUE! | Z32: =IF(H32="","",(H32/$Z$21)*(E32-F32)) -> #VALUE! | AA32: =IF(X32="","",X32/2) -> #VALUE! | AB32: =IF(Y32="","",Y32/2) -> #VALUE! | AC32: =IF(Z32="","",Z32/2) -> #VALUE!
B33: 12 | C33: {=IF('GRR Data'!C16="","",'GRR Data'!C16)} | D33: {=IF('GRR Data'!D16="","",'GRR Data'!D16)} | E33: {=IF('GRR Data'!G16="","",'GRR Data'!G16)} | F33: {=IF('GRR Data'!H16="","",'GRR Data'!H16)} | G33: {=IF('GRR Data'!K16="","",'GRR Data'!K16)} | H33: #VALUE! | I33: #VALUE! | J33: #VALUE! | M33: {=IF($C33="","",_xlfn.XLOOKUP($C33&M$21,#REF!&#REF!,#REF!))} | N33: {=IF($C33="","",_xlfn.XLOOKUP($C33&N$21,#REF!&#REF!,#REF!))} | O33: {=IF($C33="","",_xlfn.XLOOKUP($C33&O$21,#REF!&#REF!,#REF!))} | P33: {=IF($C33="","",_xlfn.XLOOKUP($C33&P$21,#REF!&#REF!,#REF!))} | Q33: {=IF($C33="","",_xlfn.XLOOKUP($C33&Q$21,#REF!&#REF!,#REF!))} | R33: {=IF($C33="","",_xlfn.XLOOKUP($C33&R$21,#REF!&#REF!,#REF!))} | S33: {=IF($C33="","",_xlfn.XLOOKUP($C33&S$21,#REF!&#REF!,#REF!))} | T33: {=IF($C33="","",_xlfn.XLOOKUP($C33&T$21,#REF!&#REF!,#REF!))} | X33: =IF(H33="","",(H33/$X$21)*(E33-F33)) -> #VALUE! | Y33: =IF(H33="","",(H33/$Y$21)*(E33-F33)) -> #VALUE! | Z33: =IF(H33="","",(H33/$Z$21)*(E33-F33)) -> #VALUE! | AA33: =IF(X33="","",X33/2) -> #VALUE! | AB33: =IF(Y33="","",Y33/2) -> #VALUE! | AC33: =IF(Z33="","",Z33/2) -> #VALUE!
B34: 13 | C34: {=IF('GRR Data'!C17="","",'GRR Data'!C17)} | D34: {=IF('GRR Data'!D17="","",'GRR Data'!D17)} | E34: {=IF('GRR Data'!G17="","",'GRR Data'!G17)} | F34: {=IF('GRR Data'!H17="","",'GRR Data'!H17)} | G34: {=IF('GRR Data'!K17="","",'GRR Data'!K17)} | H34: #VALUE! | I34: #VALUE! | J34: #VALUE! | M34: {=IF($C34="","",_xlfn.XLOOKUP($C34&M$21,#REF!&#REF!,#REF!))} | N34: {=IF($C34="","",_xlfn.XLOOKUP($C34&N$21,#REF!&#REF!,#REF!))} | O34: {=IF($C34="","",_xlfn.XLOOKUP($C34&O$21,#REF!&#REF!,#REF!))} | P34: {=IF($C34="","",_xlfn.XLOOKUP($C34&P$21,#REF!&#REF!,#REF!))} | Q34: {=IF($C34="","",_xlfn.XLOOKUP($C34&Q$21,#REF!&#REF!,#REF!))} | R34: {=IF($C34="","",_xlfn.XLOOKUP($C34&R$21,#REF!&#REF!,#REF!))} | S34: {=IF($C34="","",_xlfn.XLOOKUP($C34&S$21,#REF!&#REF!,#REF!))} | T34: {=IF($C34="","",_xlfn.XLOOKUP($C34&T$21,#REF!&#REF!,#REF!))} | X34: =IF(H34="","",(H34/$X$21)*(E34-F34)) -> #VALUE! | Y34: =IF(H34="","",(H34/$Y$21)*(E34-F34)) -> #VALUE! | Z34: =IF(H34="","",(H34/$Z$21)*(E34-F34)) -> #VALUE! | AA34: =IF(X34="","",X34/2) -> #VALUE! | AB34: =IF(Y34="","",Y34/2) -> #VALUE! | AC34: =IF(Z34="","",Z34/2) -> #VALUE!
... B521: 500 | C521: {=IF('GRR Data'!C504="","",'GRR Data'!C504)} | D521: {=IF('GRR Data'!D504="","",'GRR Data'!D504)} | E521: {=IF('GRR Data'!G504="","",'GRR Data'!G504)} | F521: {=IF('GRR Data'!H504="","",'GRR Data'!H504)} | G521: {=IF('GRR Data'!K504="","",'GRR Data'!K504)} | H521: #VALUE! | I521: #VALUE! | J521: #VALUE! | M521: {=IF($C521="","",_xlfn.XLOOKUP($C521&M$21,#REF!&#REF!,#REF!))} | N521: {=IF($C521="","",_xlfn.XLOOKUP($C521&N$21,#REF!&#REF!,#REF!))} | O521: {=IF($C521="","",_xlfn.XLOOKUP($C521&O$21,#REF!&#REF!,#REF!))} | P521: {=IF($C521="","",_xlfn.XLOOKUP($C521&P$21,#REF!&#REF!,#REF!))} | Q521: {=IF($C521="","",_xlfn.XLOOKUP($C521&Q$21,#REF!&#REF!,#REF!))} | R521: {=IF($C521="","",_xlfn.XLOOKUP($C521&R$21,#REF!&#REF!,#REF!))} | S521: {=IF($C521="","",_xlfn.XLOOKUP($C521&S$21,#REF!&#REF!,#REF!))} | T521: {=IF($C521="","",_xlfn.XLOOKUP($C521&T$21,#REF!&#REF!,#REF!))} | X521: =IF(H521="","",(H521/$X$21)*(E521-F521)) -> #VALUE! | Y521: =IF(H521="","",(H521/$Y$21)*(E521-F521)) -> #VALUE! | Z521: =IF(H521="","",(H521/$Z$21)*(E521-F521)) -> #VALUE! | AA521: =IF(X521="","",X521/2) -> #VALUE! | AB521: =IF(Y521="","",Y521/2) -> #VALUE! | AC521: =IF(Z521="","",Z521/2) -> #VALUE!
H522: =MAX(H82:H521)-MIN(H82:H521) -> #VALUE! | I522: =MAX(I82:I521)-MIN(I82:I521) -> #VALUE! | J522: =MAX(J82:J521)-MIN(J82:J521) -> #VALUE! | K522: =MAX(K82:K521)-MIN(K82:K521) -> 0 | L522: =MAX(L82:L521)-MIN(L82:L521) -> 0
B524: 3. Approval Loop
B525: a). | C525: Molder/Tool Maker
C526: Reviewed by : | G526: Title: | J526: Date:
C527: Approved by : | G527: Title: | J527: Date:
B529: b). | C529: Customer
C530: Customer name:
C531: Approved by : | G531: Title: | J531: Date: | N531: Header

Sheet Steel Measurement
A1: Table of Contents | S1: Doc # | T1: ='Revision block'!B1 -> H001122
S2: Rev : | T2: ='Revision block'!B2 -> K
B3: Steel Measurement - Critical to Fit and Function Documentation | S3: Rev date : | T3: ='Revision block'!B3 -> 45082
A5: ►This document to be reviewed by the Customer Tooling Engineering before T1 sample
A6: Part Description: | I6: Supplier: | R6: Inspected By: | AA6: New:
A7: Drawing No.: | I7: Submission No.: | R7: Inspection Date: | AA7: Revised:
A8: Revision / Date: | I8: Material Spec.: | R8: Reviewed By: | AA8: Resubmission:
A9: Mold Number:
A10: DRAWING SPECIFICATIONS | F10: Shrink % | G10: Nominal with Shrink | H10: INSPECTION RESULTS | Y10: INSPECTION ANALYSIS Toolmaker gets 25% of Drawing specification tolerance | AC10: MEAS. INST. | AD10: SUPPLIER ACTION PLAN AND COMMENTS | AE10: CUSTOMER FEEDBACK | AG10: CUSTOMER ENGINEERING DISPOSITION
H11: Actual Steel Measurement | P11: Mold Dimension (Cavity ID). - Deviation from Nominal with shrink | X11: Mean | Y11: % Tolerance | AA11: Alert / Reject | AE11: Date: | AG11: Date:
A12: Item | B12: Grid Square | C12: Nominal | D12: +Tol | E12: -Tol | H12: Cavity 1 | I12: Cavity 2 | J12: Cavity 3 | K12: Cavity 4 | L12: Cavity 5 | M12: Cavity 6 | N12: Cavity 7 | O12: Cavity 8 | P12: 1 | Q12: 2 | R12: 3 | S12: 4 | T12: 5 | U12: 6 | V12: 7 | W12: 8 | Y12: up | Z12: down | AA12: up | AB12: down
G13: =IF(C13/(1-(F13/100))=0,"",C13/(1-(F13/100))) | P13: =IF(ISERR(H13/H13)=TRUE," ",H13-$G13) | Q13: =IF(ISERR(I13/I13)=TRUE," ",I13-$G13) | R13: =IF(ISERR(J13/J13)=TRUE," ",J13-$G13) | S13: =IF(ISERR(K13/K13)=TRUE," ",K13-$G13) | T13: =IF(ISERR(L13/L13)=TRUE," ",L13-$G13) | U13: =IF(ISERR(M13/M13)=TRUE," ",M13-$G13) | V13: =IF(ISERR(N13/N13)=TRUE," ",N13-$G13) | W13: =IF(ISERR(O13/O13)=TRUE," ",O13-$G13) | X13: =IF(ISERR(H13/H13)=TRUE," ",AVERAGE(H13:O13)) | Y13: =IF(ISERR(D13/D13)=TRUE," ",IF(ISERR(H13/H13)=TRUE," ",IF(ISNUMBER($H13)=FALSE," ",IF(MAX($H13:$O13)<$G13,0,(MAX($H13:$O13)-$G13)/($D13*25%))))) | Z13: =IF(ISERR(E13/E13)=TRUE," ",IF(ISERR(H13/H13)=TRUE," ",IF(ISNUMBER(H13)=FALSE," ",IF(MIN(H13:O13)>$G13,0,($G13-MIN(H13:O13))/(E13*25%))))) | AA13: =IF(ISNUMBER($Y13)=TRUE,IF($Y13>0.651,IF($Y13>=1,"Reject","Alert")," ")," ") | AB13: =IF(ISNUMBER($Z13)=TRUE,IF($Z13>0.651,IF($Z13>=1,"Reject","Alert")," ")," ")
G14: =IF(C14/(1-(F14/100))=0,"",C14/(1-(F14/100))) | P14: =IF(ISERR(H14/H14)=TRUE," ",H14-$G14) | Q14: =IF(ISERR(I14/I14)=TRUE," ",I14-$G14) | R14: =IF(ISERR(J14/J14)=TRUE," ",J14-$G14) | S14: =IF(ISERR(K14/K14)=TRUE," ",K14-$G14) | T14: =IF(ISERR(L14/L14)=TRUE," ",L14-$G14) | U14: =IF(ISERR(M14/M14)=TRUE," ",M14-$G14) | V14: =IF(ISERR(N14/N14)=TRUE," ",N14-$G14) | W14: =IF(ISERR(O14/O14)=TRUE," ",O14-$G14) | X14: =IF(ISERR(H14/H14)=TRUE," ",AVERAGE(H14:O14)) | Y14: =IF(ISERR(D14/D14)=TRUE," ",IF(ISERR(H14/H14)=TRUE," ",IF(ISNUMBER($H14)=FALSE," ",IF(MAX($H14:$O14)<$G14,0,(MAX($H14:$O14)-$G14)/($D14*25%))))) | Z14: =IF(ISERR(E14/E14)=TRUE," ",IF(ISERR(H14/H14)=TRUE," ",IF(ISNUMBER(H14)=FALSE," ",IF(MIN(H14:O14)>$G14,0,($G14-MIN(H14:O14))/(E14*25%))))) | AA14: =IF(ISNUMBER($Y14)=TRUE,IF($Y14>0.651,IF($Y14>=1,"Reject","Alert")," ")," ") | AB14: =IF(ISNUMBER($Z14)=TRUE,IF($Z14>0.651,IF($Z14>=1,"Reject","Alert")," ")," ")
G15: =IF(C15/(1-(F15/100))=0,"",C15/(1-(F15/100))) | P15: =IF(ISERR(H15/H15)=TRUE," ",H15-$G15) | Q15: =IF(ISERR(I15/I15)=TRUE," ",I15-$G15) | R15: =IF(ISERR(J15/J15)=TRUE," ",J15-$G15) | S15: =IF(ISERR(K15/K15)=TRUE," ",K15-$G15) | T15: =IF(ISERR(L15/L15)=TRUE," ",L15-$G15) | U15: =IF(ISERR(M15/M15)=TRUE," ",M15-$G15) | V15: =IF(ISERR(N15/N15)=TRUE," ",N15-$G15) | W15: =IF(ISERR(O15/O15)=TRUE," ",O15-$G15) | X15: =IF(ISERR(H15/H15)=TRUE," ",AVERAGE(H15:O15)) | Y15: =IF(ISERR(D15/D15)=TRUE," ",IF(ISERR(H15/H15)=TRUE," ",IF(ISNUMBER($H15)=FALSE," ",IF(MAX($H15:$O15)<$G15,0,(MAX($H15:$O15)-$G15)/($D15*25%))))) | Z15: =IF(ISERR(E15/E15)=TRUE," ",IF(ISERR(H15/H15)=TRUE," ",IF(ISNUMBER(H15)=FALSE," ",IF(MIN(H15:O15)>$G15,0,($G15-MIN(H15:O15))/(E15*25%))))) | AA15: =IF(ISNUMBER($Y15)=TRUE,IF($Y15>0.651,IF($Y15>=1,"Reject","Alert")," ")," ") | AB15: =IF(ISNUMBER($Z15)=TRUE,IF($Z15>0.651,IF($Z15>=1,"Reject","Alert")," ")," ")
G16: =IF(C16/(1-(F16/100))=0,"",C16/(1-(F16/100))) | P16: =IF(ISERR(H16/H16)=TRUE," ",H16-$G16) | Q16: =IF(ISERR(I16/I16)=TRUE," ",I16-$G16) | R16: =IF(ISERR(J16/J16)=TRUE," ",J16-$G16) | S16: =IF(ISERR(K16/K16)=TRUE," ",K16-$G16) | T16: =IF(ISERR(L16/L16)=TRUE," ",L16-$G16) | U16: =IF(ISERR(M16/M16)=TRUE," ",M16-$G16) | V16: =IF(ISERR(N16/N16)=TRUE," ",N16-$G16) | W16: =IF(ISERR(O16/O16)=TRUE," ",O16-$G16) | X16: =IF(ISERR(H16/H16)=TRUE," ",AVERAGE(H16:O16)) | Y16: =IF(ISERR(D16/D16)=TRUE," ",IF(ISERR(H16/H16)=TRUE," ",IF(ISNUMBER($H16)=FALSE," ",IF(MAX($H16:$O16)<$G16,0,(MAX($H16:$O16)-$G16)/($D16*25%))))) | Z16: =IF(ISERR(E16/E16)=TRUE," ",IF(ISERR(H16/H16)=TRUE," ",IF(ISNUMBER(H16)=FALSE," ",IF(MIN(H16:O16)>$G16,0,($G16-MIN(H16:O16))/(E16*25%))))) | AA16: =IF(ISNUMBER($Y16)=TRUE,IF($Y16>0.651,IF($Y16>=1,"Reject","Alert")," ")," ") | AB16: =IF(ISNUMBER($Z16)=TRUE,IF($Z16>0.651,IF($Z16>=1,"Reject","Alert")," ")," ")
G17: =IF(C17/(1-(F17/100))=0,"",C17/(1-(F17/100))) | P17: =IF(ISERR(H17/H17)=TRUE," ",H17-$G17) | Q17: =IF(ISERR(I17/I17)=TRUE," ",I17-$G17) | R17: =IF(ISERR(J17/J17)=TRUE," ",J17-$G17) | S17: =IF(ISERR(K17/K17)=TRUE," ",K17-$G17) | T17: =IF(ISERR(L17/L17)=TRUE," ",L17-$G17) | U17: =IF(ISERR(M17/M17)=TRUE," ",M17-$G17) | V17: =IF(ISERR(N17/N17)=TRUE," ",N17-$G17) | W17: =IF(ISERR(O17/O17)=TRUE," ",O17-$G17) | X17: =IF(ISERR(H17/H17)=TRUE," ",AVERAGE(H17:O17)) | Y17: =IF(ISERR(D17/D17)=TRUE," ",IF(ISERR(H17/H17)=TRUE," ",IF(ISNUMBER($H17)=FALSE," ",IF(MAX($H17:$O17)<$G17,0,(MAX($H17:$O17)-$G17)/($D17*25%))))) | Z17: =IF(ISERR(E17/E17)=TRUE," ",IF(ISERR(H17/H17)=TRUE," ",IF(ISNUMBER(H17)=FALSE," ",IF(MIN(H17:O17)>$G17,0,($G17-MIN(H17:O17))/(E17*25%))))) | AA17: =IF(ISNUMBER($Y17)=TRUE,IF($Y17>0.651,IF($Y17>=1,"Reject","Alert")," ")," ") | AB17: =IF(ISNUMBER($Z17)=TRUE,IF($Z17>0.651,IF($Z17>=1,"Reject","Alert")," ")," ")
G18: =IF(C18/(1-(F18/100))=0,"",C18/(1-(F18/100))) | P18: =IF(ISERR(H18/H18)=TRUE," ",H18-$G18) | Q18: =IF(ISERR(I18/I18)=TRUE," ",I18-$G18) | R18: =IF(ISERR(J18/J18)=TRUE," ",J18-$G18) | S18: =IF(ISERR(K18/K18)=TRUE," ",K18-$G18) | T18: =IF(ISERR(L18/L18)=TRUE," ",L18-$G18) | U18: =IF(ISERR(M18/M18)=TRUE," ",M18-$G18) | V18: =IF(ISERR(N18/N18)=TRUE," ",N18-$G18) | W18: =IF(ISERR(O18/O18)=TRUE," ",O18-$G18) | X18: =IF(ISERR(H18/H18)=TRUE," ",AVERAGE(H18:O18)) | Y18: =IF(ISERR(D18/D18)=TRUE," ",IF(ISERR(H18/H18)=TRUE," ",IF(ISNUMBER($H18)=FALSE," ",IF(MAX($H18:$O18)<$G18,0,(MAX($H18:$O18)-$G18)/($D18*25%))))) | Z18: =IF(ISERR(E18/E18)=TRUE," ",IF(ISERR(H18/H18)=TRUE," ",IF(ISNUMBER(H18)=FALSE," ",IF(MIN(H18:O18)>$G18,0,($G18-MIN(H18:O18))/(E18*25%))))) | AA18: =IF(ISNUMBER($Y18)=TRUE,IF($Y18>0.651,IF($Y18>=1,"Reject","Alert")," ")," ") | AB18: =IF(ISNUMBER($Z18)=TRUE,IF($Z18>0.651,IF($Z18>=1,"Reject","Alert")," ")," ")
G19: =IF(C19/(1-(F19/100))=0,"",C19/(1-(F19/100))) | P19: =IF(ISERR(H19/H19)=TRUE," ",H19-$G19) | Q19: =IF(ISERR(I19/I19)=TRUE," ",I19-$G19) | R19: =IF(ISERR(J19/J19)=TRUE," ",J19-$G19) | S19: =IF(ISERR(K19/K19)=TRUE," ",K19-$G19) | T19: =IF(ISERR(L19/L19)=TRUE," ",L19-$G19) | U19: =IF(ISERR(M19/M19)=TRUE," ",M19-$G19) | V19: =IF(ISERR(N19/N19)=TRUE," ",N19-$G19) | W19: =IF(ISERR(O19/O19)=TRUE," ",O19-$G19) | X19: =IF(ISERR(H19/H19)=TRUE," ",AVERAGE(H19:O19)) | Y19: =IF(ISERR(D19/D19)=TRUE," ",IF(ISERR(H19/H19)=TRUE," ",IF(ISNUMBER($H19)=FALSE," ",IF(MAX($H19:$O19)<$G19,0,(MAX($H19:$O19)-$G19)/($D19*25%))))) | Z19: =IF(ISERR(E19/E19)=TRUE," ",IF(ISERR(H19/H19)=TRUE," ",IF(ISNUMBER(H19)=FALSE," ",IF(MIN(H19:O19)>$G19,0,($G19-MIN(H19:O19))/(E19*25%))))) | AA19: =IF(ISNUMBER($Y19)=TRUE,IF($Y19>0.651,IF($Y19>=1,"Reject","Alert")," ")," ") | AB19: =IF(ISNUMBER($Z19)=TRUE,IF($Z19>0.651,IF($Z19>=1,"Reject","Alert")," ")," ")
G20: =IF(C20/(1-(F20/100))=0,"",C20/(1-(F20/100))) | P20: =IF(ISERR(H20/H20)=TRUE," ",H20-$G20) | Q20: =IF(ISERR(I20/I20)=TRUE," ",I20-$G20) | R20: =IF(ISERR(J20/J20)=TRUE," ",J20-$G20) | S20: =IF(ISERR(K20/K20)=TRUE," ",K20-$G20) | T20: =IF(ISERR(L20/L20)=TRUE," ",L20-$G20) | U20: =IF(ISERR(M20/M20)=TRUE," ",M20-$G20) | V20: =IF(ISERR(N20/N20)=TRUE," ",N20-$G20) | W20: =IF(ISERR(O20/O20)=TRUE," ",O20-$G20) | X20: =IF(ISERR(H20/H20)=TRUE," ",AVERAGE(H20:O20)) | Y20: =IF(ISERR(D20/D20)=TRUE," ",IF(ISERR(H20/H20)=TRUE," ",IF(ISNUMBER($H20)=FALSE," ",IF(MAX($H20:$O20)<$G20,0,(MAX($H20:$O20)-$G20)/($D20*25%))))) | Z20: =IF(ISERR(E20/E20)=TRUE," ",IF(ISERR(H20/H20)=TRUE," ",IF(ISNUMBER(H20)=FALSE," ",IF(MIN(H20:O20)>$G20,0,($G20-MIN(H20:O20))/(E20*25%))))) | AA20: =IF(ISNUMBER($Y20)=TRUE,IF($Y20>0.651,IF($Y20>=1,"Reject","Alert")," ")," ") | AB20: =IF(ISNUMBER($Z20)=TRUE,IF($Z20>0.651,IF($Z20>=1,"Reject","Alert")," ")," ")
G21: =IF(C21/(1-(F21/100))=0,"",C21/(1-(F21/100))) | P21: =IF(ISERR(H21/H21)=TRUE," ",H21-$G21) | Q21: =IF(ISERR(I21/I21)=TRUE," ",I21-$G21) | R21: =IF(ISERR(J21/J21)=TRUE," ",J21-$G21) | S21: =IF(ISERR(K21/K21)=TRUE," ",K21-$G21) | T21: =IF(ISERR(L21/L21)=TRUE," ",L21-$G21) | U21: =IF(ISERR(M21/M21)=TRUE," ",M21-$G21) | V21: =IF(ISERR(N21/N21)=TRUE," ",N21-$G21) | W21: =IF(ISERR(O21/O21)=TRUE," ",O21-$G21) | X21: =IF(ISERR(H21/H21)=TRUE," ",AVERAGE(H21:O21)) | Y21: =IF(ISERR(D21/D21)=TRUE," ",IF(ISERR(H21/H21)=TRUE," ",IF(ISNUMBER($H21)=FALSE," ",IF(MAX($H21:$O21)<$G21,0,(MAX($H21:$O21)-$G21)/($D21*25%))))) | Z21: =IF(ISERR(E21/E21)=TRUE," ",IF(ISERR(H21/H21)=TRUE," ",IF(ISNUMBER(H21)=FALSE," ",IF(MIN(H21:O21)>$G21,0,($G21-MIN(H21:O21))/(E21*25%))))) | AA21: =IF(ISNUMBER($Y21)=TRUE,IF($Y21>0.651,IF($Y21>=1,"Reject","Alert")," ")," ") | AB21: =IF(ISNUMBER($Z21)=TRUE,IF($Z21>0.651,IF($Z21>=1,"Reject","Alert")," ")," ")
G22: =IF(C22/(1-(F22/100))=0,"",C22/(1-(F22/100))) | P22: =IF(ISERR(H22/H22)=TRUE," ",H22-$G22) | Q22: =IF(ISERR(I22/I22)=TRUE," ",I22-$G22) | R22: =IF(ISERR(J22/J22)=TRUE," ",J22-$G22) | S22: =IF(ISERR(K22/K22)=TRUE," ",K22-$G22) | T22: =IF(ISERR(L22/L22)=TRUE," ",L22-$G22) | U22: =IF(ISERR(M22/M22)=TRUE," ",M22-$G22) | V22: =IF(ISERR(N22/N22)=TRUE," ",N22-$G22) | W22: =IF(ISERR(O22/O22)=TRUE," ",O22-$G22) | X22: =IF(ISERR(H22/H22)=TRUE," ",AVERAGE(H22:O22)) | Y22: =IF(ISERR(D22/D22)=TRUE," ",IF(ISERR(H22/H22)=TRUE," ",IF(ISNUMBER($H22)=FALSE," ",IF(MAX($H22:$O22)<$G22,0,(MAX($H22:$O22)-$G22)/($D22*25%))))) | Z22: =IF(ISERR(E22/E22)=TRUE," ",IF(ISERR(H22/H22)=TRUE," ",IF(ISNUMBER(H22)=FALSE," ",IF(MIN(H22:O22)>$G22,0,($G22-MIN(H22:O22))/(E22*25%))))) | AA22: =IF(ISNUMBER($Y22)=TRUE,IF($Y22>0.651,IF($Y22>=1,"Reject","Alert")," ")," ") | AB22: =IF(ISNUMBER($Z22)=TRUE,IF($Z22>0.651,IF($Z22>=1,"Reject","Alert")," ")," ")
G23: =IF(C23/(1-(F23/100))=0,"",C23/(1-(F23/100))) | P23: =IF(ISERR(H23/H23)=TRUE," ",H23-$G23) | Q23: =IF(ISERR(I23/I23)=TRUE," ",I23-$G23) | R23: =IF(ISERR(J23/J23)=TRUE," ",J23-$G23) | S23: =IF(ISERR(K23/K23)=TRUE," ",K23-$G23) | T23: =IF(ISERR(L23/L23)=TRUE," ",L23-$G23) | U23: =IF(ISERR(M23/M23)=TRUE," ",M23-$G23) | V23: =IF(ISERR(N23/N23)=TRUE," ",N23-$G23) | W23: =IF(ISERR(O23/O23)=TRUE," ",O23-$G23) | X23: =IF(ISERR(H23/H23)=TRUE," ",AVERAGE(H23:O23)) | Y23: =IF(ISERR(D23/D23)=TRUE," ",IF(ISERR(H23/H23)=TRUE," ",IF(ISNUMBER($H23)=FALSE," ",IF(MAX($H23:$O23)<$G23,0,(MAX($H23:$O23)-$G23)/($D23*25%))))) | Z23: =IF(ISERR(E23/E23)=TRUE," ",IF(ISERR(H23/H23)=TRUE," ",IF(ISNUMBER(H23)=FALSE," ",IF(MIN(H23:O23)>$G23,0,($G23-MIN(H23:O23))/(E23*25%))))) | AA23: =IF(ISNUMBER($Y23)=TRUE,IF($Y23>0.651,IF($Y23>=1,"Reject","Alert")," ")," ") | AB23: =IF(ISNUMBER($Z23)=TRUE,IF($Z23>0.651,IF($Z23>=1,"Reject","Alert")," ")," ")
G24: =IF(C24/(1-(F24/100))=0,"",C24/(1-(F24/100))) | P24: =IF(ISERR(H24/H24)=TRUE," ",H24-$G24) | Q24: =IF(ISERR(I24/I24)=TRUE," ",I24-$G24) | R24: =IF(ISERR(J24/J24)=TRUE," ",J24-$G24) | S24: =IF(ISERR(K24/K24)=TRUE," ",K24-$G24) | T24: =IF(ISERR(L24/L24)=TRUE," ",L24-$G24) | U24: =IF(ISERR(M24/M24)=TRUE," ",M24-$G24) | V24: =IF(ISERR(N24/N24)=TRUE," ",N24-$G24) | W24: =IF(ISERR(O24/O24)=TRUE," ",O24-$G24) | X24: =IF(ISERR(H24/H24)=TRUE," ",AVERAGE(H24:O24)) | Y24: =IF(ISERR(D24/D24)=TRUE," ",IF(ISERR(H24/H24)=TRUE," ",IF(ISNUMBER($H24)=FALSE," ",IF(MAX($H24:$O24)<$G24,0,(MAX($H24:$O24)-$G24)/($D24*25%))))) | Z24: =IF(ISERR(E24/E24)=TRUE," ",IF(ISERR(H24/H24)=TRUE," ",IF(ISNUMBER(H24)=FALSE," ",IF(MIN(H24:O24)>$G24,0,($G24-MIN(H24:O24))/(E24*25%))))) | AA24: =IF(ISNUMBER($Y24)=TRUE,IF($Y24>0.651,IF($Y24>=1,"Reject","Alert")," ")," ") | AB24: =IF(ISNUMBER($Z24)=TRUE,IF($Z24>0.651,IF($Z24>=1,"Reject","Alert")," ")," ")
... G37: =IF(C37/(1-(F37/100))=0,"",C37/(1-(F37/100))) | P37: =IF(ISERR(H37/H37)=TRUE," ",H37-$G37) | Q37: =IF(ISERR(I37/I37)=TRUE," ",I37-$G37) | R37: =IF(ISERR(J37/J37)=TRUE," ",J37-$G37) | S37: =IF(ISERR(K37/K37)=TRUE," ",K37-$G37) | T37: =IF(ISERR(L37/L37)=TRUE," ",L37-$G37) | U37: =IF(ISERR(M37/M37)=TRUE," ",M37-$G37) | V37: =IF(ISERR(N37/N37)=TRUE," ",N37-$G37) | W37: =IF(ISERR(O37/O37)=TRUE," ",O37-$G37) | X37: =IF(ISERR(H37/H37)=TRUE," ",AVERAGE(H37:O37)) | Y37: =IF(ISERR(D37/D37)=TRUE," ",IF(ISERR(H37/H37)=TRUE," ",IF(ISNUMBER($H37)=FALSE," ",IF(MAX($H37:$O37)<$G37,0,(MAX($H37:$O37)-$G37)/($D37*25%))))) | Z37: =IF(ISERR(E37/E37)=TRUE," ",IF(ISERR(H37/H37)=TRUE," ",IF(ISNUMBER(H37)=FALSE," ",IF(MIN(H37:O37)>$G37,0,($G37-MIN(H37:O37))/(E37*25%))))) | AA37: =IF(ISNUMBER($Y37)=TRUE,IF($Y37>0.651,IF($Y37>=1,"Reject","Alert")," ")," ") | AB37: =IF(ISNUMBER($Z37)=TRUE,IF($Z37>0.651,IF($Z37>=1,"Reject","Alert")," ")," ")

Sheet Note Verifications
A1: Table of Contents
E2: Doc # | F2: ='Revision block'!B1 -> H001122
B3: Note, Raw Material & Finish Verifications | E3: Rev : | F3: ='Revision block'!B2 -> K
E4: Rev date : | F4: ='Revision block'!B3 -> 45082
A6: Note No. | B6: Note Description | C6: How Measured / Evaluated | D6: Supplier Action Plan and Comments | E6: Customer Feedback | F6: Customer Engineering Disposition
A7: 1
A8: 2
A9: 3
A10: 4
A11: 5
A12: 6
A13: 7
A14: 8
A15: 9
A16: 10
A17: 11
A18: 12
... A36: 30

Sheet FAI
C1: Table of Contents
O2: Doc # | P2: ='Revision block'!B1 -> H001122 | R2: Total Dim | T2: CTF | V2: STD | X2: Process Ctrl | Z2: Reference
B3: First Article Inspection Report | O3: Rev : | P3: ='Revision block'!B2 -> K | R3: =SUM(T3:AA3) -> 0 | T3: =COUNTIFS($D$13:$D$763,$T$2) -> 0 | V3: =COUNTIFS($D$13:$D$763,$V$2) -> 0 | X3: =COUNTIFS($D$13:$D$763,$X$2) -> 0 | Z3: =COUNTIFS($D$13:$D$763,$Z$2) -> 0
B4: Measurement values to be entered into light blue cells | O4: Rev date : | P4: ='Revision block'!B3 -> 45082 | R4: Measured | T4: =COUNTIFS($D$13:$D$763,T$2,$AL$13:$AL$763,"Y") -> 0 | U4: =IFERROR(T4/T$3,"-") -> - | V4: =COUNTIFS($D$13:$D$763,V$2,$AL$13:$AL$763,"Y") -> 0 | W4: =IFERROR(V4/V$3,"-") -> - | X4: =COUNTIFS($D$13:$D$763,X$2,$AL$13:$AL$763,"Y") -> 0 | Y4: =IFERROR(X4/X$3,"-") -> - | Z4: =COUNTIFS($D$13:$D$763,Z$2,$AL$13:$AL$763,"Y") -> 0 | AA4: =IFERROR(Z4/Z$3,"-") -> -
B5: Use "Paste Special" - "Values" if Copying data from another file or worksheet | R5: In Spec (incl Alerts) | T5: =T4-T7 -> 0 | U5: =IFERROR(T5/T$3,"-") -> - | V5: =V4-V7 -> 0 | W5: =IFERROR(V5/V$3,"-") -> - | X5: =X4-X7 -> 0 | Y5: =IFERROR(X5/X$3,"-") -> - | Z5: =Z4-Z7 -> 0 | AA5: =IFERROR(Z5/Z$3,"-") -> -
B6: Part Description: | I6: Supplier: | N6: Inspection Date: | P6: New: | R6: Alert | T6: =COUNTIFS($D$13:$D$763,T$2,$J$13:$J$763,$R6,$AK$13:$AK$763,"<>"&"""")+COUNTIFS($D$13:$D$763,T$2,$K$13:$K$763,$R6)-COUNTIFS($D$13:$D$763,T$2,$K$13:$K$763,$R6,$J$13:$J$763,$R6) -> 0 | U6: =IFERROR(T6/T$3,"-") -> - | V6: =COUNTIFS($D$13:$D$763,V$2,$J$13:$J$763,$R6,$AK$13:$AK$763,"<>"&"""")+COUNTIFS($D$13:$D$763,V$2,$K$13:$K$763,$R6)-COUNTIFS($D$13:$D$763,V$2,$K$13:$K$763,$R6,$J$13:$J$763,$R6) -> 0 | W6: =IFERROR(V6/V$3,"-") -> - | X6: =COUNTIFS($D$13:$D$763,X$2,$J$13:$J$763,$R6,$AK$13:$AK$763,"<>"&"""")+COUNTIFS($D$13:$D$763,X$2,$K$13:$K$763,$R6)-COUNTIFS($D$13:$D$763,X$2,$K$13:$K$763,$R6,$J$13:$J$763,$R6) -> 0 | Y6: =IFERROR(X6/X$3,"-") -> - | Z6: =COUNTIFS($D$13:$D$763,Z$2,$J$13:$J$763,$R6,$AK$13:$AK$763,"<>"&"""")+COUNTIFS($D$13:$D$763,Z$2,$K$13:$K$763,$R6)-COUNTIFS($D$13:$D$763,Z$2,$K$13:$K$763,$R6,$J$13:$J$763,$R6) -> 0 | AA6: =IFERROR(Z6/Z$3,"-") -> -
B7: Drawing No.: | I7: Submission No.: | N7: Cavity- / Tool No.: | P7: Revised: | R7: Reject | T7: =COUNTIFS($D$13:$D$763,T$2,$J$13:$J$763,$R7,$AK$13:$AK$763,"<>"&"""")+COUNTIFS($D$13:$D$763,T$2,$K$13:$K$763,$R7)-COUNTIFS($D$13:$D$763,T$2,$K$13:$K$763,$R7,$J$13:$J$763,$R7) -> 0 | U7: =IFERROR(T7/T$3,"-") -> - | V7: =COUNTIFS($D$13:$D$763,V$2,$J$13:$J$763,$R7,$AK$13:$AK$763,"<>"&"""")+COUNTIFS($D$13:$D$763,V$2,$K$13:$K$763,$R7)-COUNTIFS($D$13:$D$763,V$2,$K$13:$K$763,$R7,$J$13:$J$763,$R7) -> 0 | W7: =IFERROR(V7/V$3,"-") -> - | X7: =COUNTIFS($D$13:$D$763,X$2,$J$13:$J$763,$R7,$AK$13:$AK$763,"<>"&"""")+COUNTIFS($D$13:$D$763,X$2,$K$13:$K$763,$R7)-COUNTIFS($D$13:$D$763,X$2,$K$13:$K$763,$R7,$J$13:$J$763,$R7) -> 0 | Y7: =IFERROR(X7/X$3,"-") -> - | Z7: =COUNTIFS($D$13:$D$763,Z$2,$J$13:$J$763,$R7,$AK$13:$AK$763,"<>"&"""")+COUNTIFS($D$13:$D$763,Z$2,$K$13:$K$763,$R7)-COUNTIFS($D$13:$D$763,Z$2,$K$13:$K$763,$R7,$J$13:$J$763,$R7) -> 0 | AA7: =IFERROR(Z7/Z$3,"-") -> -
B8: Revision / -Date: | I8: Material Spec.: | N8: Inspector: | P8: Resubmission:
Q9: Use "Paste Special" - "Values" if Copying data from another file or worksheet
B10: DRAWING SPECIFICATIONS | H10: INSPECTION ANALYSIS | L10: GR&R | M10: MEASUREMENT INSTRUMENT | N10: SUPPLIER ACTION PLAN AND COMMENTS | O10: CUSTOMER FEEDBACK | P10: CUSTOMER ENGINEERING DISPOSITION | Q10: INSPECTION RESULTS | AL10: Type Count Y/N
H11: % Tolerance | J11: Alert / Reject | N11: Date: | O11: Date: | P11: Date: | Q11: Sample No. - Measured Value | AA11: Sample No. - Deviation from Nominal | AK11: Mean
B12: Item | C12: Grid Square | D12: Dim Type | E12: Nominal | F12: +Tol | G12: -Tol | H12: up | I12: down | J12: up | K12: down | Q12: 1 | R12: 2 | S12: 3 | T12: 4 | U12: 5 | V12: 6 | W12: 7 | X12: 8 | Y12: 9 | Z12: 10 | AA12: 1 | AB12: 2 | AC12: 3 | AD12: 4 | AE12: 5 | AF12: 6 | AG12: 7 | AH12: 8 | AI12: 9 | AJ12: 10
D13: Select Type | H13: =IF(OR(E13="",F13=""),"",IF(COUNTA(Q13:Z13)=0,"",IF(MAX($Q13:$Z13)<=$E13,0,IF(F13=0,"N/A",(MAX($Q13:$Z13)-$E13)/$F13)))) | I13: =IF(OR(E13="",G13=""),"",IF(COUNTA(Q13:Z13)=0,"",IF(MIN(Q13:Z13)>=$E13,0,IF(G13=0,"N/A",($E13-MIN(Q13:Z13))/(G13))))) | J13: =IF(H13="N/A","Reject",IF(ISNUMBER($H13)=TRUE,IF($H13>0.651,IF($H13>1.001,"Reject","Alert")," ")," ")) | K13: =IF(I13="N/A","Reject",IF(ISNUMBER($I13)=TRUE,IF($I13>0.651,IF($I13>1.001,"Reject","Alert")," ")," ")) | L13: =IF(B13="","",HLOOKUP(B13,'GRR Data'!$DD$243:$WI$244,2,FALSE)) | AA13: =IF(COUNT(Q13)=1,Q13-$E13,"") | AB13: =IF(COUNT(R13)=1,R13-$E13,"") | AC13: =IF(COUNT(S13)=1,S13-$E13,"") | AD13: =IF(COUNT(T13)=1,T13-$E13,"") | AE13: =IF(COUNT(U13)=1,U13-$E13,"") | AF13: =IF(COUNT(V13)=1,V13-$E13,"") | AG13: =IF(COUNT(W13)=1,W13-$E13,"") | AH13: =IF(COUNT(X13)=1,X13-$E13,"") | ... AJ13: =IF(COUNT(Z13)=1,Z13-$E13,"") | AK13: =IF(COUNT(Q13:Z13)=0,"",SUM(Q13:Z13)/COUNT(Q13:Z13)) | AL13: =IF(COUNT(Q13:Z13), "Y", "N") -> N
D14: Select Type | H14: =IF(OR(E14="",F14=""),"",IF(COUNTA(Q14:Z14)=0,"",IF(MAX($Q14:$Z14)<=$E14,0,IF(F14=0,"N/A",(MAX($Q14:$Z14)-$E14)/$F14)))) | I14: =IF(OR(E14="",G14=""),"",IF(COUNTA(Q14:Z14)=0,"",IF(MIN(Q14:Z14)>=$E14,0,IF(G14=0,"N/A",($E14-MIN(Q14:Z14))/(G14))))) | J14: =IF(H14="N/A","Reject",IF(ISNUMBER($H14)=TRUE,IF($H14>0.651,IF($H14>1.001,"Reject","Alert")," ")," ")) | K14: =IF(I14="N/A","Reject",IF(ISNUMBER($I14)=TRUE,IF($I14>0.651,IF($I14>1.001,"Reject","Alert")," ")," ")) | L14: =IF(B14="","",HLOOKUP(B14,'GRR Data'!$DD$243:$WI$244,2,FALSE)) | AA14: =IF(COUNT(Q14)=1,Q14-$E14,"") | AB14: =IF(COUNT(R14)=1,R14-$E14,"") | AC14: =IF(COUNT(S14)=1,S14-$E14,"") | AD14: =IF(COUNT(T14)=1,T14-$E14,"") | AE14: =IF(COUNT(U14)=1,U14-$E14,"") | AF14: =IF(COUNT(V14)=1,V14-$E14,"") | AG14: =IF(COUNT(W14)=1,W14-$E14,"") | AH14: =IF(COUNT(X14)=1,X14-$E14,"") | ... AJ14: =IF(COUNT(Z14)=1,Z14-$E14,"") | AK14: =IF(COUNT(Q14:Z14)=0,"",SUM(Q14:Z14)/COUNT(Q14:Z14)) | AL14: =IF(COUNT(Q14:Z14), "Y", "N") -> N
D15: Select Type | H15: =IF(OR(E15="",F15=""),"",IF(COUNTA(Q15:Z15)=0,"",IF(MAX($Q15:$Z15)<=$E15,0,IF(F15=0,"N/A",(MAX($Q15:$Z15)-$E15)/$F15)))) | I15: =IF(OR(E15="",G15=""),"",IF(COUNTA(Q15:Z15)=0,"",IF(MIN(Q15:Z15)>=$E15,0,IF(G15=0,"N/A",($E15-MIN(Q15:Z15))/(G15))))) | J15: =IF(H15="N/A","Reject",IF(ISNUMBER($H15)=TRUE,IF($H15>0.651,IF($H15>1.001,"Reject","Alert")," ")," ")) | K15: =IF(I15="N/A","Reject",IF(ISNUMBER($I15)=TRUE,IF($I15>0.651,IF($I15>1.001,"Reject","Alert")," ")," ")) | L15: =IF(B15="","",HLOOKUP(B15,'GRR Data'!$DD$243:$WI$244,2,FALSE)) | AA15: =IF(COUNT(Q15)=1,Q15-$E15,"") | AB15: =IF(COUNT(R15)=1,R15-$E15,"") | AC15: =IF(COUNT(S15)=1,S15-$E15,"") | AD15: =IF(COUNT(T15)=1,T15-$E15,"") | AE15: =IF(COUNT(U15)=1,U15-$E15,"") | AF15: =IF(COUNT(V15)=1,V15-$E15,"") | AG15: =IF(COUNT(W15)=1,W15-$E15,"") | AH15: =IF(COUNT(X15)=1,X15-$E15,"") | ... AJ15: =IF(COUNT(Z15)=1,Z15-$E15,"") | AK15: =IF(COUNT(Q15:Z15)=0,"",SUM(Q15:Z15)/COUNT(Q15:Z15)) | AL15: =IF(COUNT(Q15:Z15), "Y", "N") -> N
D16: Select Type | H16: =IF(OR(E16="",F16=""),"",IF(COUNTA(Q16:Z16)=0,"",IF(MAX($Q16:$Z16)<=$E16,0,IF(F16=0,"N/A",(MAX($Q16:$Z16)-$E16)/$F16)))) | I16: =IF(OR(E16="",G16=""),"",IF(COUNTA(Q16:Z16)=0,"",IF(MIN(Q16:Z16)>=$E16,0,IF(G16=0,"N/A",($E16-MIN(Q16:Z16))/(G16))))) | J16: =IF(H16="N/A","Reject",IF(ISNUMBER($H16)=TRUE,IF($H16>0.651,IF($H16>1.001,"Reject","Alert")," ")," ")) | K16: =IF(I16="N/A","Reject",IF(ISNUMBER($I16)=TRUE,IF($I16>0.651,IF($I16>1.001,"Reject","Alert")," ")," ")) | L16: =IF(B16="","",HLOOKUP(B16,'GRR Data'!$DD$243:$WI$244,2,FALSE)) | AA16: =IF(COUNT(Q16)=1,Q16-$E16,"") | AB16: =IF(COUNT(R16)=1,R16-$E16,"") | AC16: =IF(COUNT(S16)=1,S16-$E16,"") | AD16: =IF(COUNT(T16)=1,T16-$E16,"") | AE16: =IF(COUNT(U16)=1,U16-$E16,"") | AF16: =IF(COUNT(V16)=1,V16-$E16,"") | AG16: =IF(COUNT(W16)=1,W16-$E16,"") | AH16: =IF(COUNT(X16)=1,X16-$E16,"") | ... AJ16: =IF(COUNT(Z16)=1,Z16-$E16,"") | AK16: =IF(COUNT(Q16:Z16)=0,"",SUM(Q16:Z16)/COUNT(Q16:Z16)) | AL16: =IF(COUNT(Q16:Z16), "Y", "N") -> N
D17: Select Type | H17: =IF(OR(E17="",F17=""),"",IF(COUNTA(Q17:Z17)=0,"",IF(MAX($Q17:$Z17)<=$E17,0,IF(F17=0,"N/A",(MAX($Q17:$Z17)-$E17)/$F17)))) | I17: =IF(OR(E17="",G17=""),"",IF(COUNTA(Q17:Z17)=0,"",IF(MIN(Q17:Z17)>=$E17,0,IF(G17=0,"N/A",($E17-MIN(Q17:Z17))/(G17))))) | J17: =IF(H17="N/A","Reject",IF(ISNUMBER($H17)=TRUE,IF($H17>0.651,IF($H17>1.001,"Reject","Alert")," ")," ")) | K17: =IF(I17="N/A","Reject",IF(ISNUMBER($I17)=TRUE,IF($I17>0.651,IF($I17>1.001,"Reject","Alert")," ")," ")) | L17: =IF(B17="","",HLOOKUP(B17,'GRR Data'!$DD$243:$WI$244,2,FALSE)) | AA17: =IF(COUNT(Q17)=1,Q17-$E17,"") | AB17: =IF(COUNT(R17)=1,R17-$E17,"") | AC17: =IF(COUNT(S17)=1,S17-$E17,"") | AD17: =IF(COUNT(T17)=1,T17-$E17,"") | AE17: =IF(COUNT(U17)=1,U17-$E17,"") | AF17: =IF(COUNT(V17)=1,V17-$E17,"") | AG17: =IF(COUNT(W17)=1,W17-$E17,"") | AH17: =IF(COUNT(X17)=1,X17-$E17,"") | ... AJ17: =IF(COUNT(Z17)=1,Z17-$E17,"") | AK17: =IF(COUNT(Q17:Z17)=0,"",SUM(Q17:Z17)/COUNT(Q17:Z17)) | AL17: =IF(COUNT(Q17:Z17), "Y", "N") -> N
D18: Select Type | H18: =IF(OR(E18="",F18=""),"",IF(COUNTA(Q18:Z18)=0,"",IF(MAX($Q18:$Z18)<=$E18,0,IF(F18=0,"N/A",(MAX($Q18:$Z18)-$E18)/$F18)))) | I18: =IF(OR(E18="",G18=""),"",IF(COUNTA(Q18:Z18)=0,"",IF(MIN(Q18:Z18)>=$E18,0,IF(G18=0,"N/A",($E18-MIN(Q18:Z18))/(G18))))) | J18: =IF(H18="N/A","Reject",IF(ISNUMBER($H18)=TRUE,IF($H18>0.651,IF($H18>1.001,"Reject","Alert")," ")," ")) | K18: =IF(I18="N/A","Reject",IF(ISNUMBER($I18)=TRUE,IF($I18>0.651,IF($I18>1.001,"Reject","Alert")," ")," ")) | L18: =IF(B18="","",HLOOKUP(B18,'GRR Data'!$DD$243:$WI$244,2,FALSE)) | AA18: =IF(COUNT(Q18)=1,Q18-$E18,"") | AB18: =IF(COUNT(R18)=1,R18-$E18,"") | AC18: =IF(COUNT(S18)=1,S18-$E18,"") | AD18: =IF(COUNT(T18)=1,T18-$E18,"") | AE18: =IF(COUNT(U18)=1,U18-$E18,"") | AF18: =IF(COUNT(V18)=1,V18-$E18,"") | AG18: =IF(COUNT(W18)=1,W18-$E18,"") | AH18: =IF(COUNT(X18)=1,X18-$E18,"") | ... AJ18: =IF(COUNT(Z18)=1,Z18-$E18,"") | AK18: =IF(COUNT(Q18:Z18)=0,"",SUM(Q18:Z18)/COUNT(Q18:Z18)) | AL18: =IF(COUNT(Q18:Z18), "Y", "N") -> N
D19: Select Type | H19: =IF(OR(E19="",F19=""),"",IF(COUNTA(Q19:Z19)=0,"",IF(MAX($Q19:$Z19)<=$E19,0,IF(F19=0,"N/A",(MAX($Q19:$Z19)-$E19)/$F19)))) | I19: =IF(OR(E19="",G19=""),"",IF(COUNTA(Q19:Z19)=0,"",IF(MIN(Q19:Z19)>=$E19,0,IF(G19=0,"N/A",($E19-MIN(Q19:Z19))/(G19))))) | J19: =IF(H19="N/A","Reject",IF(ISNUMBER($H19)=TRUE,IF($H19>0.651,IF($H19>1.001,"Reject","Alert")," ")," ")) | K19: =IF(I19="N/A","Reject",IF(ISNUMBER($I19)=TRUE,IF($I19>0.651,IF($I19>1.001,"Reject","Alert")," ")," ")) | L19: =IF(B19="","",HLOOKUP(B19,'GRR Data'!$DD$243:$WI$244,2,FALSE)) | AA19: =IF(COUNT(Q19)=1,Q19-$E19,"") | AB19: =IF(COUNT(R19)=1,R19-$E19,"") | AC19: =IF(COUNT(S19)=1,S19-$E19,"") | AD19: =IF(COUNT(T19)=1,T19-$E19,"") | AE19: =IF(COUNT(U19)=1,U19-$E19,"") | AF19: =IF(COUNT(V19)=1,V19-$E19,"") | AG19: =IF(COUNT(W19)=1,W19-$E19,"") | AH19: =IF(COUNT(X19)=1,X19-$E19,"") | ... AJ19: =IF(COUNT(Z19)=1,Z19-$E19,"") | AK19: =IF(COUNT(Q19:Z19)=0,"",SUM(Q19:Z19)/COUNT(Q19:Z19)) | AL19: =IF(COUNT(Q19:Z19), "Y", "N") -> N
D20: Select Type | H20: =IF(OR(E20="",F20=""),"",IF(COUNTA(Q20:Z20)=0,"",IF(MAX($Q20:$Z20)<=$E20,0,IF(F20=0,"N/A",(MAX($Q20:$Z20)-$E20)/$F20)))) | I20: =IF(OR(E20="",G20=""),"",IF(COUNTA(Q20:Z20)=0,"",IF(MIN(Q20:Z20)>=$E20,0,IF(G20=0,"N/A",($E20-MIN(Q20:Z20))/(G20))))) | J20: =IF(H20="N/A","Reject",IF(ISNUMBER($H20)=TRUE,IF($H20>0.651,IF($H20>1.001,"Reject","Alert")," ")," ")) | K20: =IF(I20="N/A","Reject",IF(ISNUMBER($I20)=TRUE,IF($I20>0.651,IF($I20>1.001,"Reject","Alert")," ")," ")) | L20: =IF(B20="","",HLOOKUP(B20,'GRR Data'!$DD$243:$WI$244,2,FALSE)) | AA20: =IF(COUNT(Q20)=1,Q20-$E20,"") | AB20: =IF(COUNT(R20)=1,R20-$E20,"") | AC20: =IF(COUNT(S20)=1,S20-$E20,"") | AD20: =IF(COUNT(T20)=1,T20-$E20,"") | AE20: =IF(COUNT(U20)=1,U20-$E20,"") | AF20: =IF(COUNT(V20)=1,V20-$E20,"") | AG20: =IF(COUNT(W20)=1,W20-$E20,"") | AH20: =IF(COUNT(X20)=1,X20-$E20,"") | ... AJ20: =IF(COUNT(Z20)=1,Z20-$E20,"") | AK20: =IF(COUNT(Q20:Z20)=0,"",SUM(Q20:Z20)/COUNT(Q20:Z20)) | AL20: =IF(COUNT(Q20:Z20), "Y", "N") -> N
D21: Select Type | H21: =IF(OR(E21="",F21=""),"",IF(COUNTA(Q21:Z21)=0,"",IF(MAX($Q21:$Z21)<=$E21,0,IF(F21=0,"N/A",(MAX($Q21:$Z21)-$E21)/$F21)))) | I21: =IF(OR(E21="",G21=""),"",IF(COUNTA(Q21:Z21)=0,"",IF(MIN(Q21:Z21)>=$E21,0,IF(G21=0,"N/A",($E21-MIN(Q21:Z21))/(G21))))) | J21: =IF(H21="N/A","Reject",IF(ISNUMBER($H21)=TRUE,IF($H21>0.651,IF($H21>1.001,"Reject","Alert")," ")," ")) | K21: =IF(I21="N/A","Reject",IF(ISNUMBER($I21)=TRUE,IF($I21>0.651,IF($I21>1.001,"Reject","Alert")," ")," ")) | L21: =IF(B21="","",HLOOKUP(B21,'GRR Data'!$DD$243:$WI$244,2,FALSE)) | AA21: =IF(COUNT(Q21)=1,Q21-$E21,"") | AB21: =IF(COUNT(R21)=1,R21-$E21,"") | AC21: =IF(COUNT(S21)=1,S21-$E21,"") | AD21: =IF(COUNT(T21)=1,T21-$E21,"") | AE21: =IF(COUNT(U21)=1,U21-$E21,"") | AF21: =IF(COUNT(V21)=1,V21-$E21,"") | AG21: =IF(COUNT(W21)=1,W21-$E21,"") | AH21: =IF(COUNT(X21)=1,X21-$E21,"") | ... AJ21: =IF(COUNT(Z21)=1,Z21-$E21,"") | AK21: =IF(COUNT(Q21:Z21)=0,"",SUM(Q21:Z21)/COUNT(Q21:Z21)) | AL21: =IF(COUNT(Q21:Z21), "Y", "N") -> N
D22: Select Type | H22: =IF(OR(E22="",F22=""),"",IF(COUNTA(Q22:Z22)=0,"",IF(MAX($Q22:$Z22)<=$E22,0,IF(F22=0,"N/A",(MAX($Q22:$Z22)-$E22)/$F22)))) | I22: =IF(OR(E22="",G22=""),"",IF(COUNTA(Q22:Z22)=0,"",IF(MIN(Q22:Z22)>=$E22,0,IF(G22=0,"N/A",($E22-MIN(Q22:Z22))/(G22))))) | J22: =IF(H22="N/A","Reject",IF(ISNUMBER($H22)=TRUE,IF($H22>0.651,IF($H22>1.001,"Reject","Alert")," ")," ")) | K22: =IF(I22="N/A","Reject",IF(ISNUMBER($I22)=TRUE,IF($I22>0.651,IF($I22>1.001,"Reject","Alert")," ")," ")) | L22: =IF(B22="","",HLOOKUP(B22,'GRR Data'!$DD$243:$WI$244,2,FALSE)) | AA22: =IF(COUNT(Q22)=1,Q22-$E22,"") | AB22: =IF(COUNT(R22)=1,R22-$E22,"") | AC22: =IF(COUNT(S22)=1,S22-$E22,"") | AD22: =IF(COUNT(T22)=1,T22-$E22,"") | AE22: =IF(COUNT(U22)=1,U22-$E22,"") | AF22: =IF(COUNT(V22)=1,V22-$E22,"") | AG22: =IF(COUNT(W22)=1,W22-$E22,"") | AH22: =IF(COUNT(X22)=1,X22-$E22,"") | ... AJ22: =IF(COUNT(Z22)=1,Z22-$E22,"") | AK22: =IF(COUNT(Q22:Z22)=0,"",SUM(Q22:Z22)/COUNT(Q22:Z22)) | AL22: =IF(COUNT(Q22:Z22), "Y", "N") -> N
D23: Select Type | H23: =IF(OR(E23="",F23=""),"",IF(COUNTA(Q23:Z23)=0,"",IF(MAX($Q23:$Z23)<=$E23,0,IF(F23=0,"N/A",(MAX($Q23:$Z23)-$E23)/$F23)))) | I23: =IF(OR(E23="",G23=""),"",IF(COUNTA(Q23:Z23)=0,"",IF(MIN(Q23:Z23)>=$E23,0,IF(G23=0,"N/A",($E23-MIN(Q23:Z23))/(G23))))) | J23: =IF(H23="N/A","Reject",IF(ISNUMBER($H23)=TRUE,IF($H23>0.651,IF($H23>1.001,"Reject","Alert")," ")," ")) | K23: =IF(I23="N/A","Reject",IF(ISNUMBER($I23)=TRUE,IF($I23>0.651,IF($I23>1.001,"Reject","Alert")," ")," ")) | L23: =IF(B23="","",HLOOKUP(B23,'GRR Data'!$DD$243:$WI$244,2,FALSE)) | AA23: =IF(COUNT(Q23)=1,Q23-$E23,"") | AB23: =IF(COUNT(R23)=1,R23-$E23,"") | AC23: =IF(COUNT(S23)=1,S23-$E23,"") | AD23: =IF(COUNT(T23)=1,T23-$E23,"") | AE23: =IF(COUNT(U23)=1,U23-$E23,"") | AF23: =IF(COUNT(V23)=1,V23-$E23,"") | AG23: =IF(COUNT(W23)=1,W23-$E23,"") | AH23: =IF(COUNT(X23)=1,X23-$E23,"") | ... AJ23: =IF(COUNT(Z23)=1,Z23-$E23,"") | AK23: =IF(COUNT(Q23:Z23)=0,"",SUM(Q23:Z23)/COUNT(Q23:Z23)) | AL23: =IF(COUNT(Q23:Z23), "Y", "N") -> N
D24: Select Type | H24: =IF(OR(E24="",F24=""),"",IF(COUNTA(Q24:Z24)=0,"",IF(MAX($Q24:$Z24)<=$E24,0,IF(F24=0,"N/A",(MAX($Q24:$Z24)-$E24)/$F24)))) | I24: =IF(OR(E24="",G24=""),"",IF(COUNTA(Q24:Z24)=0,"",IF(MIN(Q24:Z24)>=$E24,0,IF(G24=0,"N/A",($E24-MIN(Q24:Z24))/(G24))))) | J24: =IF(H24="N/A","Reject",IF(ISNUMBER($H24)=TRUE,IF($H24>0.651,IF($H24>1.001,"Reject","Alert")," ")," ")) | K24: =IF(I24="N/A","Reject",IF(ISNUMBER($I24)=TRUE,IF($I24>0.651,IF($I24>1.001,"Reject","Alert")," ")," ")) | L24: =IF(B24="","",HLOOKUP(B24,'GRR Data'!$DD$243:$WI$244,2,FALSE)) | AA24: =IF(COUNT(Q24)=1,Q24-$E24,"") | AB24: =IF(COUNT(R24)=1,R24-$E24,"") | AC24: =IF(COUNT(S24)=1,S24-$E24,"") | AD24: =IF(COUNT(T24)=1,T24-$E24,"") | AE24: =IF(COUNT(U24)=1,U24-$E24,"") | AF24: =IF(COUNT(V24)=1,V24-$E24,"") | AG24: =IF(COUNT(W24)=1,W24-$E24,"") | AH24: =IF(COUNT(X24)=1,X24-$E24,"") | ... AJ24: =IF(COUNT(Z24)=1,Z24-$E24,"") | AK24: =IF(COUNT(Q24:Z24)=0,"",SUM(Q24:Z24)/COUNT(Q24:Z24)) | AL24: =IF(COUNT(Q24:Z24), "Y", "N") -> N
... D763: Select Type | H763: =IF(OR(E763="",F763=""),"",IF(COUNTA(Q763:Z763)=0,"",IF(MAX($Q763:$Z763)<=$E763,0,IF(F763=0,"N/A",(MAX($Q763:$Z763)-$E763)/$F763)))) | I763: =IF(OR(E763="",G763=""),"",IF(COUNTA(Q763:Z763)=0,"",IF(MIN(Q763:Z763)>=$E763,0,IF(G763=0,"N/A",($E763-MIN(Q763:Z763))/(G763))))) | J763: =IF(H763="N/A","Reject",IF(ISNUMBER($H763)=TRUE,IF($H763>0.651,IF($H763>1.001,"Reject","Alert")," ")," ")) | K763: =IF(I763="N/A","Reject",IF(ISNUMBER($I763)=TRUE,IF($I763>0.651,IF($I763>1.001,"Reject","Alert")," ")," ")) | L763: =IF(B763="","",HLOOKUP(B763,'GRR Data'!$DD$243:$WI$244,2,FALSE)) | AA763: =IF(COUNT(Q763)=1,Q763-$E763,"") | AB763: =IF(COUNT(R763)=1,R763-$E763,"") | AC763: =IF(COUNT(S763)=1,S763-$E763,"") | AD763: =IF(COUNT(T763)=1,T763-$E763,"") | AE763: =IF(COUNT(U763)=1,U763-$E763,"") | AF763: =IF(COUNT(V763)=1,V763-$E763,"") | AG763: =IF(COUNT(W763)=1,W763-$E763,"") | AH763: =IF(COUNT(X763)=1,X763-$E763,"") | ... AJ763: =IF(COUNT(Z763)=1,Z763-$E763,"") | AK763: =IF(COUNT(Q763:Z763)=0,"",SUM(Q763:Z763)/COUNT(Q763:Z763)) | AL763: =IF(COUNT(Q763:Z763), "Y", "N") -> N

Sheet CPK
A1: Table of Contents | G1: Header Info, Nominal & Tolerances required to enable Cpk calculations. Dimension ID, Nominal, Upper Tol, Lower Tol linked to GRR Data tab. Overwrite acceptable. Enter Measurement Values into light blue cells starting at cell C80. Use "Paste Special" - "Values" if Copying data from another file or worksheet | U1: Doc # | V1: ='Revision block'!B1 -> H001122
U2: Rev : | V2: ='Revision block'!B2 -> K
A3: Process Capability Calculation Worksheet | U3: Rev date : | V3: ='Revision block'!B3 -> 45082
G4: =IF(AND(OR(C5="",C6="",C7="",H5="",H6="",H7="",L5="",L6="",L7=""),COUNT(C80:KP179)>0,"")=TRUE,"Please populate header information to enable Ppk calculations","")
A5: Part Description: | C5: Midwest | F5: Supplier: | H5: JDM1 | J5: Inspection Date: | L5: 20260302 | N5: New:
A6: Drawing No.: | C6: M1386264_Wifi | F6: Submission No.: | H6: 20260302 | J6: Tool No.: | L6: AL | N6: Revised:
A7: Revision / - Date: | C7: Rev_A.5 | F7: Material Spec.: | H7: AL | J7: Inspector: | L7: Xile_Ji | N7: Resubmission:
B8: Cavity / Cell | C8: 1 | D8: 1 | E8: 1 | F8: 1 | G8: 1 | H8: 1 | I8: 1 | J8: 1 | K8: 1 | L8: 1 | M8: 1 | N8: 1 | O8: 1 | P8: 1 | Q8: 1 | R8: 1 | S8: 1 | T8: 1 | U8: 1 | V8: 1 | W8: 1 | X8: 1 | Y8: 1 | Z8: 1 | AA8: 1 | AB8: 1 | AC8: 1 | AD8: 1 | AE8: 1 | AF8: 1 | AG8: 1 | AH8: 1 | AI8: 1 | AJ8: 1 | AK8: 1 | AL8: 1 | AM8: 1 | AN8: 1 | AO8: 1 | AP8: 1 | AQ8: 1 | AR8: 1 | AS8: 1 | AT8: 1 | AU8: 1 | AV8: 1 | AW8: 1 | AX8: 1 | AY8: 1 | AZ8: 1 | BA8: 1 | BB8: 1 | BC8: 1 | BD8: 1 | BE8: 1 | BF8: 1 | BG8: 1 | BH8: 1 | BI8: 1 | BJ8: 1 | BK8: 1 | BL8: 1 | BM8: 1 | BN8: 1 | BO8: 1 | BP8: 1 | BQ8: 1 | BR8: 1 | BS8: 1 | BT8: 1 | BU8: 1 | BV8: 1 | BW8: 1 | BX8: 1 | BY8: 1 | BZ8: 1 | CA8: 1 | CB8: 1 | CC8: 1 | CD8: 1 | CE8: 1 | CF8: 1 | CG8: 1 | CH8: 1 | CI8: 1 | CJ8: 1 | CK8: 1 | CL8: 1 | CM8: 1 | CN8: 1 | CO8: 1 | CP8: 1 | CQ8: 1 | CR8: 1 | CS8: 1 | CT8: 1 | CU8: 1 | CV8: 1 | CW8: 1 | CX8: 1 | CY8: 1 | CZ8: 1 | DA8: 1 | DB8: 1 | DC8: 1 | DD8: 1 | DE8: 1 | DF8: 1 | DG8: 1 | DH8: 1 | DI8: 1 | DJ8: 1 | DK8: 1 | DL8: 1 | DM8: 1 | DN8: 1 | DO8: 1 | DP8: 1 | DQ8: 1 | DR8: 1 | DS8: 1 | DT8: 1 | DU8: 1 | DV8: 1 | DW8: 1 | DX8: 1 | DY8: 1 | DZ8: 1 | EA8: 1 | EB8: 1 | EC8: 1 | ED8: 1 | EE8: 1 | EF8: 1 | EG8: 1 | EH8: 1 | EI8: 1 | EJ8: 1 | EK8: 1 | EL8: 1 | EM8: 1 | EN8: 1 | EO8: 1 | EP8: 1 | EQ8: 1 | ER8: 1 | ES8: 1 | ET8: 1 | EU8: 1 | EV8: 1 | EW8: 1 | EX8: 1 | EY8: 1 | EZ8: 1 | FA8: 1 | FB8: 1 | FC8: 1 | FD8: 1 | FE8: 1 | FF8: 1 | FG8: 1 | FH8: 1 | FI8: 1 | FJ8: 1 | FK8: 1 | FL8: 1 | FM8: 1 | FN8: 1 | FO8: 1 | FP8: 1 | FQ8: 1 | FR8: 1 | FS8: 1 | FT8: 1 | FU8: 1 | FV8: 1 | FW8: 1 | FX8: 1 | FY8: 1 | FZ8: 1 | GA8: 1 | GB8: 1 | GC8: 1 | GD8: 1 | GE8: 1 | GF8: 1 | GG8: 1 | GH8: 1 | GI8: 1 | GJ8: 1 | GK8: 1 | GL8: 1 | GM8: 1 | GN8: 1 | GO8: 1 | GP8: 1 | GQ8: 1 | GR8: 1 | GS8: 1 | GT8: 1 | GU8: 1 | GV8: 1 | GW8: 1 | GX8: 1 | GY8: 1 | GZ8: 1 | HA8: 1 | HB8: 1 | HC8: 1 | HD8: 1 | HE8: 1 | HF8: 1 | HG8: 1 | HH8: 1 | HI8: 1 | HJ8: 1 | HK8: 1 | HL8: 1 | HM8: 1 | HN8: 1 | HO8: 1 | HP8: 1 | HQ8: 1 | HR8: 1 | HS8: 1 | HT8: 1 | HU8: 1 | HV8: 1 | HW8: 1 | HX8: 1 | HY8: 1 | HZ8: 1 | IA8: 1 | IB8: 1 | IC8: 1 | ID8: 1 | IE8: 1 | IF8: 1 | IG8: 1 | IH8: 1 | II8: 1 | IJ8: 1 | IK8: 1 | IL8: 1 | IM8: 1
B9: Supplier Dimension ID | C9: {='GRR Data'!DD105} | D9: {='GRR Data'!DE105} | E9: {='GRR Data'!DF105} | F9: {='GRR Data'!DG105} | G9: {='GRR Data'!DH105} | H9: {='GRR Data'!DI105} | I9: {='GRR Data'!DJ105} | J9: {='GRR Data'!DK105} | ... SH9: {='GRR Data'!WI105} | SM9: ='GRR Data'!A5 -> 0
B10: MS Dimension ID | C10: CTF101 | D10: CTF201 | E10: CTF202 | F10: CTF203 | G10: CTF204 | H10: CTF205 | I10: CTF207 | J10: CTF208 | K10: CTF209 | L10: CTF210 | M10: CTF211 | N10: CTF212 | O10: CTF213 | P10: CTF214 | Q10: CTF215 | R10: CTF216 | S10: CTF217 | T10: CTF218 | U10: CTF219 | V10: CTF221 | W10: CTF222 | X10: CTF223 | Y10: CTF224 | Z10: CTF225 | AA10: CTF227 | AB10: CTF228 | AC10: CTF229 | AD10: CTF230 | AE10: CTF231 | AF10: CTF232 | AG10: CTF233 | AH10: CTF234 | AI10: CTF235 | AJ10: CTF236 | AK10: CTF237 | AL10: CTF238 | AM10: CTF239 | AN10: CTF241 X1-X4 | AO10: CTF241 X2-X5 | AP10: CTF241 X3-X6 | AQ10: CTF242 Y1-Y4 | AR10: CTF242 Y2-Y5 | AS10: CTF242 Y3-Y6 | AT10: CTF243 | AU10: CTF243-B1 | AV10: CTF243-B2 | AW10: CTF243-B3 | AX10: CTF243-B4 | AY10: CTF243-B5 | AZ10: CTF243-B6 | BA10: CTF243-B7 | BB10: CTF243-B8 | BC10: CTF243-B9 | BD10: CTF243-B10 | BE10: CTF243-B11 | BF10: CTF243-B12 | BG10: CTF243-B13 | BH10: CTF243-B14 | BI10: CTF243-B15 | BJ10: CTF244 | BK10: CTF244-X | BL10: CTF244-Y | BM10: CTF302-A1 | BN10: CTF302-B1 | BO10: CTF302-C1 | BP10: CTF302-D1 | BQ10: CTF303 | BR10: CTF303-X | BS10: CTF303-Y | BT10: CTF304-A1 | BU10: CTF304-B1 | BV10: CTF304-C1 | BW10: CTF304-D1 | BX10: CTF401-P1 | BY10: CTF401-P2 | BZ10: CTF401-P3 | CA10: CTF401-P4 | CB10: CTF401-P5 | CC10: CTF401-P6 | CD10: CTF402-V1 | CE10: CTF402-V2 | CF10: CTF402-V3 | CG10: CTF402-V4 | CH10: CTF402-V5 | CI10: CTF402-V6 | CJ10: CTF403-P1 | CK10: CTF403-P6 | CL10: CTF404-V1 | CM10: CTF404-V6 | CN10: CTF405 | CO10: CTF406 | CP10: CTF407 | CQ10: CTF410 | CR10: CTF410-K | CS10: CTF411 | CT10: CTF411-J | CU10: CTF412 | CV10: CTF412-M | CW10: CTF413 | CX10: CTF413-L | CY10: CTF501-G1 | CZ10: CTF501-G2 | DA10: CTF501-G3 | DB10: CTF502-H1 | DC10: CTF502-H2 | DD10: CTF502-H3 | DE10: CTF503 | DF10: CTF504 | DG10: CTF505 | DH10: CTF506 | DI10: CTF507 | DJ10: CTF508 | DK10: CTF509 | DL10: CTF510 | DM10: CTF511 | DN10: CTF512 | DO10: CTF513 | DP10: CTF514 | DQ10: CTF515 | DR10: CTF516 | DS10: CTF517 | DT10: CTF518 | DU10: CTF519 | DV10: CTF520 | DW10: CTF521 | DX10: CTF522 | DY10: CTF523 | DZ10: CTF524 | EA10: CTF525 | EB10: CTF526 | EC10: CTF527 | ED10: CTF528 | EE10: CTF529 | EF10: CTF530 | EG10: CTF531 | EH10: CTF532 | EI10: CTF533 | EJ10: CTF534 | EK10: CTF535 | EL10: CTF701 | EM10: CTF702 | EN10: CTF703 | EO10: CTF704 | EP10: CTF705 | EQ10: CTF706 | ER10: CTF707 | ES10: CTF708 | ET10: CTF709 | EU10: CTF716 | EV10: CTF717 | EW10: CTF718 | EX10: CTF719 | EY10: CTF720 | EZ10: CTF721 | FA10: CTF722 | FB10: CTF723 | FC10: CTF724 | FD10: CTF731 | FE10: CTF731-E1 | FF10: CTF731-E2 | FG10: CTF731-E3 | FH10: CTF731-E4 | FI10: CTF731-E5 | FJ10: CTF731-E6 | FK10: CTF731-E7 | FL10: CTF731-E8 | FM10: CTF731-E9 | FN10: CTF731-E10 | FO10: CTF731-E11 | FP10: CTF731-E12 | FQ10: CTF731-E13 | FR10: CTF731-E14 | FS10: CTF731-E15 | FT10: CTF732 | FU10: CTF732-F1 | FV10: CTF732-F2 | FW10: CTF732-F3 | FX10: CTF732-F4 | FY10: CTF732-F5 | FZ10: CTF732-F6 | GA10: CTF732-F7 | GB10: CTF732-F8 | GC10: CTF732-F9 | GD10: CTF732-F10 | GE10: CTF732-F11 | GF10: CTF732-F12 | GG10: CTF732-F13 | GH10: CTF732-F14 | GI10: CTF732-F15 | GJ10: CTF733 | GK10: CTF733-E1 | GL10: CTF733-E2 | GM10: CTF733-E3 | GN10: CTF733-E4 | GO10: CTF733-E5 | GP10: CTF733-E6 | GQ10: CTF733-E7 | GR10: CTF733-E8 | GS10: CTF733-E9 | GT10: CTF733-E10 | GU10: CTF733-E11 | GV10: CTF733-E12 | GW10: CTF733-E13 | GX10: CTF733-E14 | GY10: CTF733-E15 | GZ10: CTF733-F1 | HA10: CTF733-F2 | HB10: CTF733-F3 | HC10: CTF733-F4 | HD10: CTF733-F5 | HE10: CTF733-F6 | HF10: CTF733-F7 | HG10: CTF733-F8 | HH10: CTF733-F9 | HI10: CTF733-F10 | HJ10: CTF733-F11 | HK10: CTF733-F12 | HL10: CTF733-F13 | HM10: CTF733-F14 | HN10: CTF733-F15 | HO10: CTF901-K1 | HP10: CTF901-K3 | HQ10: CTF901-K4 | HR10: CTF901-K6 | HS10: CTF902-K1 | HT10: CTF902-K2 | HU10: CTF902-K3 | HV10: CTF902-K4 | HW10: CTF902-K5 | HX10: CTF902-K6 | HY10: CTF902-K7 | HZ10: CTF902-K8 | IA10: CTF903-N1 | IB10: CTF903-N2 | IC10: CTF903-N3 | ID10: CTF903-N4 | IE10: CTF903-N5 | IF10: CTF1101 | IG10: CTF1102 | IH10: CTF1103 | II10: CTF1104 | IJ10: CTF1106 | IK10: CTF1107 | IL10: CTF1108 | IM10: CTF1109 | JA10: {='GRR Data'!NB3} | JB10: {='GRR Data'!NC3} | JC10: {='GRR Data'!ND3} | JD10: {='GRR Data'!NE3} | JE10: {='GRR Data'!NF3} | JF10: {='GRR Data'!NG3} | JG10: {='GRR Data'!NH3} | JH10: {='GRR Data'!NI3} | ... SH10: {='GRR Data'!WI3} | SM10: ='GRR Data'!A6 -> 0
B11: Nominal | C11: 691 | D11: 0.15 | E11: 0.15 | F11: 0.15 | G11: 0.15 | H11: 0.15 | I11: 0.15 | J11: 0.15 | K11: 0.15 | L11: 0.15 | M11: 0.15 | N11: 0.15 | O11: 0.15 | P11: 0.15 | Q11: 0.15 | R11: 0.15 | S11: 0.15 | T11: 0.15 | U11: 0.15 | V11: 0.1 | W11: 0.1 | X11: 0.1 | Y11: 0.1 | Z11: 0.1 | AA11: 0.1 | AB11: 0.1 | AC11: 0.1 | AD11: 0.1 | AE11: 0.1 | AF11: 0.1 | AG11: 0.1 | AH11: 0.1 | AI11: 0.1 | AJ11: 0.1 | AK11: 0.1 | AL11: 0.1 | AM11: 0.1 | AN11: 274.47 | AO11: 274.47 | AP11: 274.47 | AQ11: 189.92 | AR11: 189.92 | AS11: 189.92 | AT11: 0 | BJ11: 0 | BM11: -0.1 | BN11: -0.1 | BO11: -0.1 | BP11: -0.1 | BQ11: 0 | BT11: 0 | BU11: 0 | BV11: 0 | BW11: 0 | BX11: 0.1 | BY11: 0.1 | BZ11: 0.1 | CA11: 0.1 | CB11: 0.1 | CC11: 0.1 | CD11: 0.1 | CE11: 0.1 | CF11: 0.1 | CG11: 0.1 | CH11: 0.1 | CI11: 0.1 | CJ11: 0.44 | CK11: 0.44 | CL11: 0.44 | CM11: 0.44 | CN11: 0 | CO11: 0 | CP11: 0 | CQ11: 0 | CS11: 0 | CU11: 0 | CW11: 0 | CY11: 0.1 | CZ11: 0.1 | DA11: 0.1 | DB11: 0.1 | DC11: 0.1 | DD11: 0.1 | DE11: 0 | DF11: 0 | DG11: 0 | DH11: 0 | DI11: 0 | DJ11: 0.15 | DK11: 0.15 | DL11: 0.15 | DM11: 0.15 | DN11: 0.15 | DO11: 0.1 | DP11: 0.1 | DQ11: 0.1 | DR11: 0.1 | DS11: 0.1 | DT11: 0.1 | DU11: 0.1 | DV11: 0.1 | DW11: 0.1 | DX11: 0 | DY11: 0 | DZ11: 0 | EA11: 0 | EB11: 0.29 | EC11: 0.29 | ED11: 0.29 | EE11: 0.29 | EF11: 0.29 | EG11: 0.29 | EH11: 0.29 | EI11: 0.29 | EJ11: 0.29 | EK11: 0 | EL11: 7.8 | EM11: 7.8 | EN11: 7.8 | EO11: 7.8 | EP11: 7.8 | EQ11: 7.8 | ER11: 7.8 | ES11: 7.8 | ET11: 7.8 | EU11: 7.8 | EV11: 7.8 | EW11: 7.8 | EX11: 7.8 | EY11: 7.8 | EZ11: 7.8 | FA11: 7.8 | FB11: 7.8 | FC11: 7.8 | FD11: 0 | FT11: 0 | GJ11: 0 | HO11: 0 | HP11: 0 | HQ11: 0 | HR11: 0 | HS11: 0.08 | HT11: 0.08 | HU11: 0.08 | HV11: 0.08 | HW11: 0.08 | HX11: 0.08 | HY11: 0.08 | HZ11: 0.08 | IA11: -0.02 | IB11: -0.02 | IC11: -0.02 | ID11: -0.02 | IE11: -0.02 | IF11: 0 | IG11: 0 | IH11: 0 | II11: 0 | IJ11: 0 | IK11: 0 | IL11: 0 | IM11: 0 | JA11: {='GRR Data'!NB4} | JB11: {='GRR Data'!NC4} | JC11: {='GRR Data'!ND4} | JD11: {='GRR Data'!NE4} | JE11: {='GRR Data'!NF4} | JF11: {='GRR Data'!NG4} | JG11: {='GRR Data'!NH4} | JH11: {='GRR Data'!NI4} | ... SH11: {='GRR Data'!WI4} | SM11: ='GRR Data'!A7 -> 0
B12: Upper Tol | C12: 21 | D12: 0.14 | E12: 0.14 | F12: 0.14 | G12: 0.14 | H12: 0.14 | I12: 0.14 | J12: 0.14 | K12: 0.14 | L12: 0.14 | M12: 0.14 | N12: 0.14 | O12: 0.14 | P12: 0.14 | Q12: 0.14 | R12: 0.14 | S12: 0.14 | T12: 0.14 | U12: 0.14 | V12: 0.15 | W12: 0.15 | X12: 0.15 | Y12: 0.15 | Z12: 0.15 | AA12: 0.15 | AB12: 0.15 | AC12: 0.15 | AD12: 0.15 | AE12: 0.15 | AF12: 0.15 | AG12: 0.15 | AH12: 0.15 | AI12: 0.15 | AJ12: 0.15 | AK12: 0.15 | AL12: 0.15 | AM12: 0.15 | AN12: 0.2 | AO12: 0.2 | AP12: 0.2 | AQ12: 0.2 | AR12: 0.2 | AS12: 0.2 | AT12: 0.8 | BJ12: 0.7 | BM12: 0.1 | BN12: 0.1 | BO12: 0.1 | BP12: 0.1 | BQ12: 0.4 | BT12: 0.2 | BU12: 0.2 | BV12: 0.2 | BW12: 0.2 | BX12: 0.1 | BY12: 0.1 | BZ12: 0.1 | CA12: 0.1 | CB12: 0.1 | CC12: 0.1 | CD12: 0.1 | CE12: 0.1 | CF12: 0.1 | CG12: 0.1 | CH12: 0.1 | CI12: 0.1 | CJ12: 0.3 | CK12: 0.3 | CL12: 0.3 | CM12: 0.3 | CN12: 0.15 | CO12: 0.15 | CP12: 0.1 | CQ12: 0.6 | CS12: 0.6 | CU12: 0.6 | CW12: 0.6 | CY12: 0.2 | CZ12: 0.2 | DA12: 0.2 | DB12: 0.2 | DC12: 0.2 | DD12: 0.2 | DE12: 0.15 | DF12: 0.2 | DG12: 0.2 | DH12: 0.2 | DI12: 0.15 | DJ12: 0.1 | DK12: 0.1 | DL12: 0.1 | DM12: 0.1 | DN12: 0.1 | DO12: 0.1 | DP12: 0.1 | DQ12: 0.1 | DR12: 0.1 | DS12: 0.1 | DT12: 0.1 | DU12: 0.1 | DV12: 0.1 | DW12: 0.1 | DX12: 0.15 | DY12: 0.15 | DZ12: 0.15 | EA12: 0.15 | EB12: 0.15 | EC12: 0.15 | ED12: 0.3 | EE12: 0.3 | EF12: 0.3 | EG12: 0.3 | EH12: 0.3 | EI12: 0.15 | EJ12: 0.15 | EK12: 0.07 | EL12: 0.3 | EM12: 0.3 | EN12: 0.3 | EO12: 0.3 | EP12: 0.3 | EQ12: 0.3 | ER12: 0.3 | ES12: 0.3 | ET12: 0.3 | EU12: 0.3 | EV12: 0.3 | EW12: 0.3 | EX12: 0.3 | EY12: 0.3 | EZ12: 0.3 | FA12: 0.3 | FB12: 0.3 | FC12: 0.3 | FD12: 0.6 | FT12: 0.6 | GJ12: 0.6 | HO12: 0.08 | HP12: 0.08 | HQ12: 0.08 | HR12: 0.08 | HS12: 0.08 | HT12: 0.08 | HU12: 0.08 | HV12: 0.08 | HW12: 0.08 | HX12: 0.08 | HY12: 0.08 | HZ12: 0.08 | IA12: 0.15 | IB12: 0.15 | IC12: 0.15 | ID12: 0.15 | IE12: 0.15 | IF12: 0.8 | IG12: 0.8 | IH12: 0.8 | II12: 0.8 | IJ12: 0.8 | IK12: 0.8 | IL12: 0.8 | IM12: 0.8 | JA12: {='GRR Data'!NB5} | JB12: {='GRR Data'!NC5} | JC12: {='GRR Data'!ND5} | JD12: {='GRR Data'!NE5} | JE12: {='GRR Data'!NF5} | JF12: {='GRR Data'!NG5} | JG12: {='GRR Data'!NH5} | JH12: {='GRR Data'!NI5} | ... SH12: {='GRR Data'!WI5} | SM12: ='GRR Data'!A8 -> 0
B13: Lower Tol | C13: 21 | D13: 0.14 | E13: 0.14 | F13: 0.14 | G13: 0.14 | H13: 0.14 | I13: 0.14 | J13: 0.14 | K13: 0.14 | L13: 0.14 | M13: 0.14 | N13: 0.14 | O13: 0.14 | P13: 0.14 | Q13: 0.14 | R13: 0.14 | S13: 0.14 | T13: 0.14 | U13: 0.14 | V13: 0.1 | W13: 0.1 | X13: 0.1 | Y13: 0.1 | Z13: 0.1 | AA13: 0.1 | AB13: 0.1 | AC13: 0.1 | AD13: 0.1 | AE13: 0.1 | AF13: 0.1 | AG13: 0.1 | AH13: 0.1 | AI13: 0.1 | AJ13: 0.1 | AK13: 0.1 | AL13: 0.1 | AM13: 0.1 | AN13: 0.2 | AO13: 0.2 | AP13: 0.2 | AQ13: 0.2 | AR13: 0.2 | AS13: 0.2 | AT13: 0 | BJ13: 0 | BM13: 0.13 | BN13: 0.13 | BO13: 0.13 | BP13: 0.13 | BQ13: 0 | BT13: 0 | BU13: 0 | BV13: 0 | BW13: 0 | BX13: 0.1 | BY13: 0.1 | BZ13: 0.1 | CA13: 0.1 | CB13: 0.1 | CC13: 0.1 | CD13: 0.1 | CE13: 0.1 | CF13: 0.1 | CG13: 0.1 | CH13: 0.1 | CI13: 0.1 | CJ13: 0.3 | CK13: 0.3 | CL13: 0.3 | CM13: 0.3 | CN13: 0 | CO13: 0 | CP13: 0 | CQ13: 0 | CS13: 0 | CU13: 0 | CW13: 0 | CY13: 0.1 | CZ13: 0.1 | DA13: 0.1 | DB13: 0.1 | DC13: 0.1 | DD13: 0.1 | DE13: 0.15 | DF13: 0.2 | DG13: 0.2 | DH13: 0.2 | DI13: 0.15 | DJ13: 0.1 | DK13: 0.1 | DL13: 0.1 | DM13: 0.1 | DN13: 0.1 | DO13: 0.1 | DP13: 0.1 | DQ13: 0.1 | DR13: 0.1 | DS13: 0.1 | DT13: 0.1 | DU13: 0.1 | DV13: 0.1 | DW13: 0.1 | DX13: 0 | DY13: 0 | DZ13: 0 | EA13: 0 | EB13: 0.15 | EC13: 0.15 | ED13: 0.3 | EE13: 0.3 | EF13: 0.3 | EG13: 0.3 | EH13: 0.3 | EI13: 0.15 | EJ13: 0.15 | EK13: 0 | EL13: 0.3 | EM13: 0.3 | EN13: 0.3 | EO13: 0.3 | EP13: 0.3 | EQ13: 0.3 | ER13: 0.3 | ES13: 0.3 | ET13: 0.3 | EU13: 0.3 | EV13: 0.3 | EW13: 0.3 | EX13: 0.3 | EY13: 0.3 | EZ13: 0.3 | FA13: 0.3 | FB13: 0.3 | FC13: 0.3 | FD13: 0 | FT13: 0 | GJ13: 0 | HO13: 0.08 | HP13: 0.08 | HQ13: 0.08 | HR13: 0.08 | HS13: 0.08 | HT13: 0.08 | HU13: 0.08 | HV13: 0.08 | HW13: 0.08 | HX13: 0.08 | HY13: 0.08 | HZ13: 0.08 | IA13: 0.08 | IB13: 0.08 | IC13: 0.08 | ID13: 0.08 | IE13: 0.08 | IF13: 0 | IG13: 0 | IH13: 0 | II13: 0 | IJ13: 0 | IK13: 0 | IL13: 0 | IM13: 0 | JA13: {='GRR Data'!NB6} | JB13: {='GRR Data'!NC6} | JC13: {='GRR Data'!ND6} | JD13: {='GRR Data'!NE6} | JE13: {='GRR Data'!NF6} | JF13: {='GRR Data'!NG6} | JG13: {='GRR Data'!NH6} | JH13: {='GRR Data'!NI6} | ... SH13: {='GRR Data'!WI6} | SM13: ='GRR Data'!A9 -> 0
B14: GDT Feature | C14: No | D14: No | E14: No | F14: No | G14: No | H14: No | I14: No | J14: No | K14: No | L14: No | M14: No | N14: No | O14: No | P14: No | Q14: No | R14: No | S14: No | T14: No | U14: No | V14: No | W14: No | X14: No | Y14: No | Z14: No | AA14: No | AB14: No | AC14: No | AD14: No | AE14: No | AF14: No | AG14: No | AH14: No | AI14: No | AJ14: No | AK14: No | AL14: No | AM14: No | AN14: No | AO14: No | AP14: No | AQ14: No | AR14: No | AS14: No | AT14: Yes | AU14: No | AV14: No | AW14: No | AX14: No | AY14: No | AZ14: No | BA14: No | BB14: No | BC14: No | BD14: No | BE14: No | BF14: No | BG14: No | BH14: No | BI14: No | BJ14: Yes | BK14: No | BL14: No | BM14: No | BN14: No | BO14: No | BP14: No | BQ14: Yes | BR14: No | BS14: No | BT14: Yes | BU14: Yes | BV14: Yes | BW14: Yes | BX14: No | BY14: No | BZ14: No | CA14: No | CB14: No | CC14: No | CD14: No | CE14: No | CF14: No | CG14: No | CH14: No | CI14: No | CJ14: No | CK14: No | CL14: No | CM14: No | CN14: Yes | CO14: Yes | CP14: Yes | CQ14: Yes | CR14: No | CS14: Yes | CT14: No | CU14: Yes | CV14: No | CW14: Yes | CX14: No | CY14: No | CZ14: No | DA14: No | DB14: No | DC14: No | DD14: No | DE14: No | DF14: No | DG14: No | DH14: No | DI14: No | DJ14: No | DK14: No | DL14: No | DM14: No | DN14: No | DO14: No | DP14: No | DQ14: No | DR14: No | DS14: No | DT14: No | DU14: No | DV14: No | DW14: No | DX14: Yes | DY14: Yes | DZ14: Yes | EA14: Yes | EB14: No | EC14: No | ED14: No | EE14: No | EF14: No | EG14: No | EH14: No | EI14: No | EJ14: No | EK14: Yes | EL14: No | EM14: No | EN14: No | EO14: No | EP14: No | EQ14: No | ER14: No | ES14: No | ET14: No | EU14: No | EV14: No | EW14: No | EX14: No | EY14: No | EZ14: No | FA14: No | FB14: No | FC14: No | FD14: Yes | FE14: No | FF14: No | FG14: No | FH14: No | FI14: No | FJ14: No | FK14: No | FL14: No | FM14: No | FN14: No | FO14: No | FP14: No | FQ14: No | FR14: No | FS14: No | FT14: Yes | FU14: No | FV14: No | FW14: No | FX14: No | FY14: No | FZ14: No | GA14: No | GB14: No | GC14: No | GD14: No | GE14: No | GF14: No | GG14: No | GH14: No | GI14: No | GJ14: Yes | GK14: No | GL14: No | GM14: No | GN14: No | GO14: No | GP14: No | GQ14: No | GR14: No | GS14: No | GT14: No | GU14: No | GV14: No | GW14: No | GX14: No | GY14: No | GZ14: No | HA14: No | HB14: No | HC14: No | HD14: No | HE14: No | HF14: No | HG14: No | HH14: No | HI14: No | HJ14: No | HK14: No | HL14: No | HM14: No | HN14: No | HO14: No | HP14: No | HQ14: No | HR14: No | HS14: No | HT14: No | HU14: No | HV14: No | HW14: No | HX14: No | HY14: No | HZ14: No | IA14: No | IB14: No | IC14: No | ID14: No | IE14: No | IF14: Yes | IG14: Yes | IH14: Yes | II14: Yes | IJ14: Yes | IK14: Yes | IL14: Yes | IM14: Yes | IN14: No | IO14: No | IP14: No | IQ14: No | IR14: No | IS14: No | IT14: No | IU14: No | IV14: No | IW14: No | IX14: No | IY14: No | IZ14: No | JA14: No | JB14: No | JC14: No | JD14: No | JE14: No | JF14: No | JG14: No | JH14: No | JI14: No | JJ14: No | JK14: No | JL14: No | JM14: No | JN14: No | JO14: No | JP14: No | JQ14: No | JR14: No | JS14: No | JT14: No | JU14: No | JV14: No | JW14: No | JX14: No | JY14: No | JZ14: No | KA14: No | KB14: No | KC14: No | KD14: No | KE14: No | KF14: No | KG14: No | KH14: No | KI14: No | KJ14: No | KK14: No | KL14: No | KM14: No | KN14: No | KO14: No | KP14: No | KQ14: No | KR14: No | KS14: No | KT14: No | KU14: No | KV14: No | KW14: No | KX14: No | KY14: No | KZ14: No | LA14: No | LB14: No | LC14: No | LD14: No | LE14: No | LF14: No | LG14: No | LH14: No | LI14: No | LJ14: No | LK14: No | LL14: No | LM14: No | LN14: No | LO14: No | LP14: No | LQ14: No | LR14: No | LS14: No | LT14: No | LU14: No | LV14: No | LW14: No | LX14: No | LY14: No | LZ14: No | MA14: No | MB14: No | MC14: No | MD14: No | ME14: No | MF14: No | MG14: No | MH14: No | MI14: No | MJ14: No | MK14: No | ML14: No | MM14: No | MN14: No | MO14: No | MP14: No | MQ14: No | MR14: No | MS14: No | MT14: No | MU14: No | MV14: No | MW14: No | MX14: No | MY14: No | MZ14: No | NA14: No | NB14: No | NC14: No | ND14: No | NE14: No | NF14: No | NG14: No | NH14: No | NI14: No | NJ14: No | NK14: No | NL14: No | NM14: No | NN14: No | NO14: No | NP14: No | NQ14: No | NR14: No | NS14: No | NT14: No | NU14: No | NV14: No | NW14: No | NX14: No | NY14: No | NZ14: No | OA14: No | OB14: No | OC14: No | OD14: No | OE14: No | OF14: No | OG14: No | OH14: No | OI14: No | OJ14: No | OK14: No | OL14: No | OM14: No | ON14: No | OO14: No | OP14: No | OQ14: No | OR14: No | OS14: No | OT14: No | OU14: No | OV14: No | OW14: No | OX14: No | OY14: No | OZ14: No | PA14: No | PB14: No | PC14: No | PD14: No | PE14: No | PF14: No | PG14: No | PH14: No | PI14: No | PJ14: No | PK14: No | PL14: No | PM14: No | PN14: No | PO14: No | PP14: No | PQ14: No | PR14: No | PS14: No | PT14: No | PU14: No | PV14: No | PW14: No | PX14: No | PY14: No | PZ14: No | QA14: No | QB14: No | QC14: No | QD14: No | QE14: No | QF14: No | QG14: No | QH14: No | QI14: No | QJ14: No | QK14: No | QL14: No | QM14: No | QN14: No | QO14: No | QP14: No | QQ14: No | QR14: No | QS14: No | QT14: No | QU14: No | QV14: No | QW14: No | QX14: No | QY14: No | QZ14: No | RA14: No | RB14: No | RC14: No | RD14: No | RE14: No | RF14: No | RG14: No | RH14: No | RI14: No | RJ14: No | RK14: No | RL14: No | RM14: No | RN14: No | RO14: No | RP14: No | RQ14: No | RR14: No | RS14: No | RT14: No | RU14: No | RV14: No | RW14: No | RX14: No | RY14: No | RZ14: No | SA14: No | SB14: No | SC14: No | SD14: No | SE14: No | SF14: No | SG14: No | SH14: No | SM14: ='GRR Data'!A10 -> 0
B15: UPPER LIMIT | C15: =C11+C12 -> 712 | D15: =D11+D12 -> 0.29 | E15: =E11+E12 -> 0.29 | F15: =F11+F12 -> 0.29 | G15: =G11+G12 -> 0.29 | H15: =H11+H12 -> 0.29 | I15: =I11+I12 -> 0.29 | J15: =J11+J12 -> 0.29 | ... SH15: =SH11+SH12 -> #VALUE! | SM15: ='GRR Data'!A11 -> 0
B16: LOWER LIMIT | C16: =C11-C13 -> 670 | D16: =D11-D13 -> 0.01 | E16: =E11-E13 -> 0.01 | F16: =F11-F13 -> 0.01 | G16: =G11-G13 -> 0.01 | H16: =H11-H13 -> 0.01 | I16: =I11-I13 -> 0.01 | J16: =J11-J13 -> 0.01 | ... SH16: =SH11-SH13 -> #VALUE! | SM16: ='GRR Data'!A12 -> 0
B17: Dimension Type | SM17: ='GRR Data'!A13 -> 0
B18: AVERAGE | C18: =AVERAGE(C80:C179) -> 691.05313 | D18: =AVERAGE(D80:D179) -> 0.16694063 | E18: =AVERAGE(E80:E179) -> 0.20419062 | F18: =AVERAGE(F80:F179) -> 0.22460938 | G18: =AVERAGE(G80:G179) -> 0.16861875 | H18: =AVERAGE(H80:H179) -> 0.1645125 | I18: =AVERAGE(I80:I179) -> 0.1415125 | J18: =AVERAGE(J80:J179) -> 0.14674063 | ... SH18: =AVERAGE(SH80:SH179) -> #DIV/0! | SM18: ='GRR Data'!A14 -> 0
B19: STD_Overall | C19: =IF(COUNT(C80:C179)=0,"",STDEV(C80:C179)) -> 1.9964459 | D19: =IF(COUNT(D80:D179)=0,"",STDEV(D80:D179)) -> 0.027453948 | E19: =IF(COUNT(E80:E179)=0,"",STDEV(E80:E179)) -> 0.027856352 | F19: =IF(COUNT(F80:F179)=0,"",STDEV(F80:F179)) -> 0.037154919 | G19: =IF(COUNT(G80:G179)=0,"",STDEV(G80:G179)) -> 0.024746631 | H19: =IF(COUNT(H80:H179)=0,"",STDEV(H80:H179)) -> 0.039034449 | I19: =IF(COUNT(I80:I179)=0,"",STDEV(I80:I179)) -> 0.035636668 | J19: =IF(COUNT(J80:J179)=0,"",STDEV(J80:J179)) -> 0.030476176 | ... SH19: =IF(COUNT(SH80:SH179)=0,"",STDEV(SH80:SH179)) | SM19: ='GRR Data'!A15 -> 0
B20: Cp | C20: =IF(C14="","GDT Blank",IF(C14="yes",((C15-C16)/(3*C19)),((C15-C16)/(6*C19)))) -> 3.5062307 | D20: =IF(D14="","GDT Blank",IF(D14="yes",((D15-D16)/(3*D19)), ((D15-D16)/(6*D19)))) -> 1.6998162 | E20: =IF(E14="","GDT Blank",IF(E14="yes",((E15-E16)/(3*E19)), ((E15-E16)/(6*E19)))) -> 1.6752612 | F20: =IF(F14="","GDT Blank",IF(F14="yes",((F15-F16)/(3*F19)), ((F15-F16)/(6*F19)))) -> 1.2560024 | G20: =IF(G14="","GDT Blank",IF(G14="yes",((G15-G16)/(3*G19)), ((G15-G16)/(6*G19)))) -> 1.8857785 | H20: =IF(H14="","GDT Blank",IF(H14="yes",((H15-H16)/(3*H19)), ((H15-H16)/(6*H19)))) -> 1.1955252 | I20: =IF(I14="","GDT Blank",IF(I14="yes",((I15-I16)/(3*I19)), ((I15-I16)/(6*I19)))) -> 1.3095126 | J20: =IF(J14="","GDT Blank",IF(J14="yes",((J15-J16)/(3*J19)), ((J15-J16)/(6*J19)))) -> 1.5312507 | K20: =IF(K14="","GDT Blank",IF(K14="yes",((K15-K16)/(3*K19)), ((K15-K16)/(6*K19)))) -> 2.0628088 | ... SH20: =IF(SH14="","GDT Blank",IF(SH14="yes",((SH15-SH16)/(3*SH19)), ((SH15-SH16)/(6*SH19)))) -> #VALUE! | SM20: ='GRR Data'!A16 -> 0
B21: Cpku | C21: =IF(C14="","GDT Blank",IF(C19="","",IF(C14="NO",(C15-C18)/(3*C19),IF(C15=0,"NA",(C15-C18)/(3*C19))))) -> 3.4973608 | D21: =IF(D14="","GDT Blank",IF(D19="","",IF(D14="NO",(D15-D18)/(3*D19),IF(D15=0,"NA",(D15-D18)/(3*D19))))) -> 1.4941309 | E21: =IF(E14="","GDT Blank",IF(E19="","",IF(E14="NO",(E15-E18)/(3*E19),IF(E15=0,"NA",(E15-E18)/(3*E19))))) -> 1.026808 | F21: =IF(F14="","GDT Blank",IF(F19="","",IF(F14="NO",(F15-F18)/(3*F19),IF(F15=0,"NA",(F15-F18)/(3*F19))))) -> 0.58664844 | G21: =IF(G14="","GDT Blank",IF(G19="","",IF(G14="NO",(G15-G18)/(3*G19),IF(G15=0,"NA",(G15-G18)/(3*G19))))) -> 1.6349868 | H21: =IF(H14="","GDT Blank",IF(H19="","",IF(H14="NO",(H15-H18)/(3*H19),IF(H15=0,"NA",(H15-H18)/(3*H19))))) -> 1.0715962 | I21: =IF(I14="","GDT Blank",IF(I19="","",IF(I14="NO",(I15-I18)/(3*I19),IF(I15=0,"NA",(I15-I18)/(3*I19))))) -> 1.3889018 | J21: =IF(J14="","GDT Blank",IF(J19="","",IF(J14="NO",(J15-J18)/(3*J19),IF(J15=0,"NA",(J15-J18)/(3*J19))))) -> 1.5669001 | ... SH21: =IF(SH14="","GDT Blank",IF(SH19="","",IF(SH14="NO",(SH15-SH18)/(3*SH19),IF(SH15=0,"NA",(SH15-SH18)/(3*SH19))))) | SM21: ='GRR Data'!A17 -> 0
B22: Cpkl | C22: =IF(C14="","GDT Blank",IF(C19="","",IF(C14="NO",((C18-C16)/(3*C19)),IF(C16=0,"NA",(C18-C16)/(3*C19))))) -> 3.5151006 | D22: =IF(D14="","GDT Blank",IF(D19="","",IF(D14="NO",((D18-D16)/(3*D19)),IF(D16=0,"NA",(D18-D16)/(3*D19))))) -> 1.9055016 | E22: =IF(E14="","GDT Blank",IF(E19="","",IF(E14="NO",((E18-E16)/(3*E19)),IF(E16=0,"NA",(E18-E16)/(3*E19))))) -> 2.3237145 | F22: =IF(F14="","GDT Blank",IF(F19="","",IF(F14="NO",((F18-F16)/(3*F19)),IF(F16=0,"NA",(F18-F16)/(3*F19))))) -> 1.9253563 | G22: =IF(G14="","GDT Blank",IF(G19="","",IF(G14="NO",((G18-G16)/(3*G19)),IF(G16=0,"NA",(G18-G16)/(3*G19))))) -> 2.1365703 | H22: =IF(H14="","GDT Blank",IF(H19="","",IF(H14="NO",((H18-H16)/(3*H19)),IF(H16=0,"NA",(H18-H16)/(3*H19))))) -> 1.3194542 | I22: =IF(I14="","GDT Blank",IF(I19="","",IF(I14="NO",((I18-I16)/(3*I19)),IF(I16=0,"NA",(I18-I16)/(3*I19))))) -> 1.2301234 | J22: =IF(J14="","GDT Blank",IF(J19="","",IF(J14="NO",((J18-J16)/(3*J19)),IF(J16=0,"NA",(J18-J16)/(3*J19))))) -> 1.4956013 | ... SH22: =IF(SH14="","GDT Blank",IF(SH19="","",IF(SH14="NO",((SH18-SH16)/(3*SH19)),IF(SH16=0,"NA",(SH18-SH16)/(3*SH19))))) | SM22: ='GRR Data'!A18 -> 0
B23: Cpk | C23: =IF(OR($C$5="",$C$6="",$C$7="",$H$5="",$H$6="",$H$7="",$L$5="",$L$6="",$L$7="",C14="",C11="",C12="",C13=""),"",IF(AND(C21="",C22=""),"",+MIN(C21:C22))) -> 3.4973608 | D23: =IF(OR($C$5="",$C$6="",$C$7="",$H$5="",$H$6="",$H$7="",$L$5="",$L$6="",$L$7="",D14="",D11="",D12="",D13=""),"",IF(AND(D21="",D22=""),"",+MIN(D21:D22))) -> 1.4941309 | E23: =IF(OR($C$5="",$C$6="",$C$7="",$H$5="",$H$6="",$H$7="",$L$5="",$L$6="",$L$7="",E14="",E11="",E12="",E13=""),"",IF(AND(E21="",E22=""),"",+MIN(E21:E22))) -> 1.026808 | F23: =IF(OR($C$5="",$C$6="",$C$7="",$H$5="",$H$6="",$H$7="",$L$5="",$L$6="",$L$7="",F14="",F11="",F12="",F13=""),"",IF(AND(F21="",F22=""),"",+MIN(F21:F22))) -> 0.58664844 | G23: =IF(OR($C$5="",$C$6="",$C$7="",$H$5="",$H$6="",$H$7="",$L$5="",$L$6="",$L$7="",G14="",G11="",G12="",G13=""),"",IF(AND(G21="",G22=""),"",+MIN(G21:G22))) -> 1.6349868 | H23: =IF(OR($C$5="",$C$6="",$C$7="",$H$5="",$H$6="",$H$7="",$L$5="",$L$6="",$L$7="",H14="",H11="",H12="",H13=""),"",IF(AND(H21="",H22=""),"",+MIN(H21:H22))) -> 1.0715962 | I23: =IF(OR($C$5="",$C$6="",$C$7="",$H$5="",$H$6="",$H$7="",$L$5="",$L$6="",$L$7="",I14="",I11="",I12="",I13=""),"",IF(AND(I21="",I22=""),"",+MIN(I21:I22))) -> 1.2301234 | J23: =IF(OR($C$5="",$C$6="",$C$7="",$H$5="",$H$6="",$H$7="",$L$5="",$L$6="",$L$7="",J14="",J11="",J12="",J13=""),"",IF(AND(J21="",J22=""),"",+MIN(J21:J22))) -> 1.4956013 | ... SH23: =IF(OR($C$5="",$C$6="",$C$7="",$H$5="",$H$6="",$H$7="",$L$5="",$L$6="",$L$7="",SH14="",SH11="",SH12="",SH13=""),"",IF(AND(SH21="",SH22=""),"",+MIN(SH21:SH22))) | SM23: ='GRR Data'!A19 -> 0
C24: =IF(C14="","GDT Blank","") | D24: =IF(D14="","GDT Blank","") | E24: =IF(E14="","GDT Blank","") | F24: =IF(F14="","GDT Blank","") | G24: =IF(G14="","GDT Blank","") | H24: =IF(H14="","GDT Blank","") | I24: =IF(I14="","GDT Blank","") | J24: =IF(J14="","GDT Blank","") | ... SH24: =IF(SH14="","GDT Blank","") | SM24: ='GRR Data'!A20 -> 0
B25: MIN | C25: =MIN(C80:C179) -> 687.6 | D25: =MIN(D80:D179) -> 0.0975 | E25: =MIN(E80:E179) -> 0.1302 | F25: =MIN(F80:F179) -> 0.1459 | G25: =MIN(G80:G179) -> 0.1114 | H25: =MIN(H80:H179) -> 0.0871 | I25: =MIN(I80:I179) -> 0.0465 | J25: =MIN(J80:J179) -> 0.0727 | ... SH25: =MIN(SH80:SH179) -> 0 | SM25: ='GRR Data'!A21 -> 0
B26: MAX | C26: =MAX(C80:C179) -> 695.4 | D26: =MAX(D80:D179) -> 0.209 | E26: =MAX(E80:E179) -> 0.2501 | F26: =MAX(F80:F179) -> 0.2815 | G26: =MAX(G80:G179) -> 0.2387 | H26: =MAX(H80:H179) -> 0.2387 | I26: =MAX(I80:I179) -> 0.2108 | J26: =MAX(J80:J179) -> 0.2139 | ... SH26: =MAX(SH80:SH179) -> 0 | SM26: ='GRR Data'!A22 -> 0
B27: 1st Quartile | C27: =QUARTILE(C80:C179,1) -> 689.75 | D27: =QUARTILE(D80:D179,1) -> 0.15335 | E27: =QUARTILE(E80:E179,1) -> 0.190625 | F27: =QUARTILE(F80:F179,1) -> 0.19935 | G27: =QUARTILE(G80:G179,1) -> 0.15595 | H27: =QUARTILE(H80:H179,1) -> 0.1405 | I27: =QUARTILE(I80:I179,1) -> 0.1223 | J27: =QUARTILE(J80:J179,1) -> 0.125575 | ... SH27: =QUARTILE(SH80:SH179,1) -> #NUM! | SM27: ='GRR Data'!A23 -> 0
B28: 3rd Quartile | C28: =QUARTILE(C80:C179,3) -> 692.575 | D28: =QUARTILE(D80:D179,3) -> 0.187375 | E28: =QUARTILE(E80:E179,3) -> 0.2215 | F28: =QUARTILE(F80:F179,3) -> 0.26175 | G28: =QUARTILE(G80:G179,3) -> 0.182475 | H28: =QUARTILE(H80:H179,3) -> 0.191225 | I28: =QUARTILE(I80:I179,3) -> 0.165125 | J28: =QUARTILE(J80:J179,3) -> 0.165325 | ... SH28: =QUARTILE(SH80:SH179,3) -> #NUM! | SM28: ='GRR Data'!A24 -> 0
B29: Interquartile Range | C29: =C28-C27 -> 2.825 | D29: =D28-D27 -> 0.034025 | E29: =E28-E27 -> 0.030875 | F29: =F28-F27 -> 0.0624 | G29: =G28-G27 -> 0.026525 | H29: =H28-H27 -> 0.050725 | I29: =I28-I27 -> 0.042825 | J29: =J28-J27 -> 0.03975 | ... SH29: =SH28-SH27 -> #NUM! | SM29: ='GRR Data'!A25 -> 0
B30: Lower Suspected Outlier Limit | C30: =C27-(1.5*C29) -> 685.5125 | D30: =D27-(1.5*D29) -> 0.1023125 | E30: =E27-(1.5*E29) -> 0.1443125 | F30: =F27-(1.5*F29) -> 0.10575 | G30: =G27-(1.5*G29) -> 0.1161625 | H30: =H27-(1.5*H29) -> 0.0644125 | I30: =I27-(1.5*I29) -> 0.0580625 | J30: =J27-(1.5*J29) -> 0.06595 | ... SH30: =SH27-(1.5*SH29) -> #NUM! | SM30: ='GRR Data'!A26 -> 0
B31: Upper Suspected Outlier Limit | C31: =C28+(1.5*C29) -> 696.8125 | D31: =D28+(1.5*D29) -> 0.2384125 | E31: =E28+(1.5*E29) -> 0.2678125 | F31: =F28+(1.5*F29) -> 0.35535 | G31: =G28+(1.5*G29) -> 0.2222625 | H31: =H28+(1.5*H29) -> 0.2673125 | I31: =I28+(1.5*I29) -> 0.2293625 | J31: =J28+(1.5*J29) -> 0.22495 | ... SH31: =SH28+(1.5*SH29) -> #NUM! | SM31: ='GRR Data'!A27 -> 0
B32: Lower Outlier Limit | C32: =C27-(3*C29) -> 681.275 | D32: =D27-(3*D29) -> 0.051275 | E32: =E27-(3*E29) -> 0.098 | F32: =F27-(3*F29) -> 0.01215 | G32: =G27-(3*G29) -> 0.076375 | H32: =H27-(3*H29) -> -0.011675 | I32: =I27-(3*I29) -> -0.006175 | J32: =J27-(3*J29) -> 0.006325 | ... SH32: =SH27-(3*SH29) -> #NUM! | SM32: ='GRR Data'!A28 -> 0
B33: Upper Outlier Limit | C33: =C28+(3*C29) -> 701.05 | D33: =D28+(3*D29) -> 0.28945 | E33: =E28+(3*E29) -> 0.314125 | F33: =F28+(3*F29) -> 0.44895 | G33: =G28+(3*G29) -> 0.26205 | H33: =H28+(3*H29) -> 0.3434 | I33: =I28+(3*I29) -> 0.2936 | J33: =J28+(3*J29) -> 0.284575 | ... SH33: =SH28+(3*SH29) -> #NUM! | SM33: ='GRR Data'!A29 -> 0
SM34: ='GRR Data'!A30 -> 0
SM35: ='GRR Data'!A31 -> 0
SM36: ='GRR Data'!A32 -> 0
SM37: ='GRR Data'!A33 -> 0
SM38: ='GRR Data'!A34 -> 0
SM39: ='GRR Data'!A35 -> 0
SM40: ='GRR Data'!A36 -> 0
SM41: ='GRR Data'!A37 -> 0
SM42: ='GRR Data'!A38 -> 0
SM43: ='GRR Data'!A39 -> 0
SM44: ='GRR Data'!A40 -> 0
SM45: ='GRR Data'!A41 -> 0
... SM76: ='GRR Data'!A72 -> 0
B77: Out of spec | C77: OOS and Outlier | SM77: ='GRR Data'!A73 -> 0
B78: Outlier | C78: Dim # | D78: Dim # | E78: Dim # | F78: Dim # | G78: Dim # | H78: Dim # | I78: Dim # | J78: Dim # | K78: Dim # | L78: Dim # | M78: Dim # | N78: Dim # | O78: Dim # | P78: Dim # | Q78: Dim # | R78: Dim # | S78: Dim # | T78: Dim # | U78: Dim # | V78: Dim # | W78: Dim # | X78: Dim # | Y78: Dim # | Z78: Dim # | AA78: Dim # | AB78: Dim # | AC78: Dim # | AD78: Dim # | AE78: Dim # | AF78: Dim # | AG78: Dim # | AH78: Dim # | AI78: Dim # | AJ78: Dim # | AK78: Dim # | AL78: Dim # | AM78: Dim # | AN78: Dim # | AO78: Dim # | AP78: Dim # | AQ78: Dim # | AR78: Dim # | AS78: Dim # | AT78: Dim # | AU78: Dim # | AV78: Dim # | AW78: Dim # | AX78: Dim # | AY78: Dim # | AZ78: Dim # | BA78: Dim # | BB78: Dim # | BC78: Dim # | BD78: Dim # | BE78: Dim # | BF78: Dim # | BG78: Dim # | BH78: Dim # | BI78: Dim # | BJ78: Dim # | BK78: Dim # | BL78: Dim # | BM78: Dim # | BN78: Dim # | BO78: Dim # | BP78: Dim # | BQ78: Dim # | BR78: Dim # | BS78: Dim # | BT78: Dim # | BU78: Dim # | BV78: Dim # | BW78: Dim # | BX78: Dim # | BY78: Dim # | BZ78: Dim # | CA78: Dim # | CB78: Dim # | CC78: Dim # | CD78: Dim # | CE78: Dim # | CF78: Dim # | CG78: Dim # | CH78: Dim # | CI78: Dim # | CJ78: Dim # | CK78: Dim # | CL78: Dim # | CM78: Dim # | CN78: Dim # | CO78: Dim # | CP78: Dim # | CQ78: Dim # | CR78: Dim # | CS78: Dim # | CT78: Dim # | CU78: Dim # | CV78: Dim # | CW78: Dim # | CX78: Dim # | CY78: Dim # | CZ78: Dim # | DA78: Dim # | DB78: Dim # | DC78: Dim # | DD78: Dim # | DE78: Dim # | DF78: Dim # | DG78: Dim # | DH78: Dim # | DI78: Dim # | DJ78: Dim # | DK78: Dim # | DL78: Dim # | DM78: Dim # | DN78: Dim # | DO78: Dim # | DP78: Dim # | DQ78: Dim # | DR78: Dim # | DS78: Dim # | DT78: Dim # | DU78: Dim # | DV78: Dim # | DW78: Dim # | DX78: Dim # | DY78: Dim # | DZ78: Dim # | EA78: Dim # | EB78: Dim # | EC78: Dim # | ED78: Dim # | EE78: Dim # | EF78: Dim # | EG78: Dim # | EH78: Dim # | EI78: Dim # | EJ78: Dim # | EK78: Dim # | EL78: Dim # | EM78: Dim # | EN78: Dim # | EO78: Dim # | EP78: Dim # | EQ78: Dim # | ER78: Dim # | ES78: Dim # | ET78: Dim # | EU78: Dim # | EV78: Dim # | EW78: Dim # | EX78: Dim # | EY78: Dim # | EZ78: Dim # | FA78: Dim # | FB78: Dim # | FC78: Dim # | FD78: Dim # | FE78: Dim # | FF78: Dim # | FG78: Dim # | FH78: Dim # | FI78: Dim # | FJ78: Dim # | FK78: Dim # | FL78: Dim # | FM78: Dim # | FN78: Dim # | FO78: Dim # | FP78: Dim # | FQ78: Dim # | FR78: Dim # | FS78: Dim # | FT78: Dim # | FU78: Dim # | FV78: Dim # | FW78: Dim # | FX78: Dim # | FY78: Dim # | FZ78: Dim # | GA78: Dim # | GB78: Dim # | GC78: Dim # | GD78: Dim # | GE78: Dim # | GF78: Dim # | GG78: Dim # | GH78: Dim # | GI78: Dim # | GJ78: Dim # | GK78: Dim # | GL78: Dim # | GM78: Dim # | GN78: Dim # | GO78: Dim # | GP78: Dim # | GQ78: Dim # | GR78: Dim # | GS78: Dim # | GT78: Dim # | GU78: Dim # | GV78: Dim # | GW78: Dim # | GX78: Dim # | GY78: Dim # | GZ78: Dim # | HA78: Dim # | HB78: Dim # | HC78: Dim # | HD78: Dim # | HE78: Dim # | HF78: Dim # | HG78: Dim # | HH78: Dim # | HI78: Dim # | HJ78: Dim # | HK78: Dim # | HL78: Dim # | HM78: Dim # | HN78: Dim # | HO78: Dim # | HP78: Dim # | HQ78: Dim # | HR78: Dim # | HS78: Dim # | HT78: Dim # | HU78: Dim # | HV78: Dim # | HW78: Dim # | HX78: Dim # | HY78: Dim # | HZ78: Dim # | IA78: Dim # | IB78: Dim # | IC78: Dim # | ID78: Dim # | IE78: Dim # | IF78: Dim # | IG78: Dim # | IH78: Dim # | II78: Dim # | IJ78: Dim # | IK78: Dim # | IL78: Dim # | IM78: Dim # | IN78: Dim # | IO78: Dim # | IP78: Dim # | IQ78: Dim # | IR78: Dim # | IS78: Dim # | IT78: Dim # | IU78: Dim # | IV78: Dim # | IW78: Dim # | IX78: Dim # | IY78: Dim # | IZ78: Dim # | JA78: Dim # | JB78: Dim # | JC78: Dim # | JD78: Dim # | JE78: Dim # | JF78: Dim # | JG78: Dim # | JH78: Dim # | JI78: Dim # | JJ78: Dim # | JK78: Dim # | JL78: Dim # | JM78: Dim # | JN78: Dim # | JO78: Dim # | JP78: Dim # | JQ78: Dim # | JR78: Dim # | JS78: Dim # | JT78: Dim # | JU78: Dim # | JV78: Dim # | JW78: Dim # | JX78: Dim # | JY78: Dim # | JZ78: Dim # | KA78: Dim # | KB78: Dim # | KC78: Dim # | KD78: Dim # | KE78: Dim # | KF78: Dim # | KG78: Dim # | KH78: Dim # | KI78: Dim # | KJ78: Dim # | KK78: Dim # | KL78: Dim # | KM78: Dim # | KN78: Dim # | KO78: Dim # | KP78: Dim # | KQ78: Dim # | KR78: Dim # | KS78: Dim # | KT78: Dim # | KU78: Dim # | KV78: Dim # | KW78: Dim # | KX78: Dim # | KY78: Dim # | KZ78: Dim # | LA78: Dim # | LB78: Dim # | LC78: Dim # | LD78: Dim # | LE78: Dim # | LF78: Dim # | LG78: Dim # | LH78: Dim # | LI78: Dim # | LJ78: Dim # | LK78: Dim # | LL78: Dim # | LM78: Dim # | LN78: Dim # | LO78: Dim # | LP78: Dim # | LQ78: Dim # | LR78: Dim # | LS78: Dim # | LT78: Dim # | LU78: Dim # | LV78: Dim # | LW78: Dim # | LX78: Dim # | LY78: Dim # | LZ78: Dim # | MA78: Dim # | MB78: Dim # | MC78: Dim # | MD78: Dim # | ME78: Dim # | MF78: Dim # | MG78: Dim # | MH78: Dim # | MI78: Dim # | MJ78: Dim # | MK78: Dim # | ML78: Dim # | MM78: Dim # | MN78: Dim # | MO78: Dim # | MP78: Dim # | MQ78: Dim # | MR78: Dim # | MS78: Dim # | MT78: Dim # | MU78: Dim # | MV78: Dim # | MW78: Dim # | MX78: Dim # | MY78: Dim # | MZ78: Dim # | NA78: Dim # | NB78: Dim # | NC78: Dim # | ND78: Dim # | NE78: Dim # | NF78: Dim # | NG78: Dim # | NH78: Dim # | NI78: Dim # | NJ78: Dim # | NK78: Dim # | NL78: Dim # | NM78: Dim # | NN78: Dim # | NO78: Dim # | NP78: Dim # | NQ78: Dim # | NR78: Dim # | NS78: Dim # | NT78: Dim # | NU78: Dim # | NV78: Dim # | NW78: Dim # | NX78: Dim # | NY78: Dim # | NZ78: Dim # | OA78: Dim # | OB78: Dim # | OC78: Dim # | OD78: Dim # | OE78: Dim # | OF78: Dim # | OG78: Dim # | OH78: Dim # | OI78: Dim # | OJ78: Dim # | OK78: Dim # | OL78: Dim # | OM78: Dim # | ON78: Dim # | OO78: Dim # | OP78: Dim # | OQ78: Dim # | OR78: Dim # | OS78: Dim # | OT78: Dim # | OU78: Dim # | OV78: Dim # | OW78: Dim # | OX78: Dim # | OY78: Dim # | OZ78: Dim # | PA78: Dim # | PB78: Dim # | PC78: Dim # | PD78: Dim # | PE78: Dim # | PF78: Dim # | PG78: Dim # | PH78: Dim # | PI78: Dim # | PJ78: Dim # | PK78: Dim # | PL78: Dim # | PM78: Dim # | PN78: Dim # | PO78: Dim # | PP78: Dim # | PQ78: Dim # | PR78: Dim # | PS78: Dim # | PT78: Dim # | PU78: Dim # | PV78: Dim # | PW78: Dim # | PX78: Dim # | PY78: Dim # | PZ78: Dim # | QA78: Dim # | QB78: Dim # | QC78: Dim # | QD78: Dim # | QE78: Dim # | QF78: Dim # | QG78: Dim # | QH78: Dim # | QI78: Dim # | QJ78: Dim # | QK78: Dim # | QL78: Dim # | QM78: Dim # | QN78: Dim # | QO78: Dim # | QP78: Dim # | QQ78: Dim # | QR78: Dim # | QS78: Dim # | QT78: Dim # | QU78: Dim # | QV78: Dim # | QW78: Dim # | QX78: Dim # | QY78: Dim # | QZ78: Dim # | RA78: Dim # | RB78: Dim # | RC78: Dim # | RD78: Dim # | RE78: Dim # | RF78: Dim # | RG78: Dim # | RH78: Dim # | RI78: Dim # | RJ78: Dim # | RK78: Dim # | RL78: Dim # | RM78: Dim # | RN78: Dim # | RO78: Dim # | RP78: Dim # | RQ78: Dim # | RR78: Dim # | RS78: Dim # | RT78: Dim # | RU78: Dim # | RV78: Dim # | RW78: Dim # | RX78: Dim # | RY78: Dim # | RZ78: Dim # | SA78: Dim # | SB78: Dim # | SC78: Dim # | SD78: Dim # | SE78: Dim # | SF78: Dim # | SG78: Dim # | SH78: Dim # | SM78: ='GRR Data'!A74 -> 0
A79: Sample # | B79: Serial Number | C79: =C10 -> CTF101 | D79: =D10 -> CTF201 | E79: =E10 -> CTF202 | F79: =F10 -> CTF203 | G79: =G10 -> CTF204 | H79: =H10 -> CTF205 | I79: =I10 -> CTF207 | J79: =J10 -> CTF208 | ... SH79: =SH10 | SM79: ='GRR Data'!A75 -> 0
A80: 1 | B80: 0F49RT426093WK | C80: 690.9 | D80: 0.1468 | E80: 0.1839 | F80: 0.2021 | G80: 0.164 | H80: 0.1604 | I80: 0.0994 | J80: 0.1373 | K80: 0.1214 | L80: 0.1015 | M80: 0.1495 | N80: 0.096 | O80: 0.0972 | P80: 0.1619 | Q80: 0.1619 | R80: 0.1966 | S80: 0.14 | T80: 0.1619 | U80: 0.168 | V80: 0.1652 | W80: 0.13341 | X80: 0.1033 | Y80: 0.09595 | Z80: 0.08658 | AA80: 0.10038 | AB80: 0.11925 | AC80: 0.09092 | AD80: 0.13966 | AE80: 0.1197 | AF80: 0.16489 | AG80: 0.18204 | AH80: 0.17588 | AI80: 0.13816 | AJ80: 0.15736 | AK80: 0.10992 | AL80: 0.13237 | AM80: 0.12029 | AN80: 274.5042 | AO80: 274.5079 | AP80: 274.5112 | AQ80: 189.9179 | AR80: 189.9298 | AS80: 189.9261 | AT80: 0.395878 | AU80: -0.062527 | AV80: 0.070561 | AW80: 0.165393 | AX80: 0.072285 | AY80: -0.086897 | AZ80: -0.037866 | BA80: 0.164153 | BB80: 0.231673 | BC80: 0.128497 | BD80: -0.049302 | BE80: -0.137689 | BF80: -0.135083 | BG80: -0.074744 | BH80: -0.09877 | BI80: -0.149687 | BJ80: 0.3965 | BK80: -0.0737 | BL80: 0.184 | BM80: -0.1217 | BN80: -0.1388 | BO80: -0.1338 | BP80: -0.1395 | BQ80: 0.0953 | BR80: -0.042 | BS80: -0.0226 | BT80: 0.1306 | BU80: 0.025 | BV80: 0.0221 | BW80: 0.0888 | BX80: 0.1174 | BY80: 0.0706 | BZ80: 0.1373 | CA80: 0.1172 | CB80: 0.0988 | CC80: 0.1976 | CD80: 0.1097 | CE80: 0.126 | CF80: 0.126 | CG80: 0.0549 | CH80: 0.0917 | CI80: 0.0903 | CJ80: 0.453 | CK80: 0.4915 | CL80: 0.4719 | CM80: 0.5004 | CN80: =ABS(CJ80-CK80) -> 0.0385 | CO80: =ABS(CL80-CM80) -> 0.0285 | CP80: =ABS(AVEDEV(CJ80:CK80)-AVEDEV(CL80:CM80)) -> 0.005 | CQ80: =ABS(CR80)*2 -> 0.0472 | CR80: 0.0236 | CS80: =ABS(CT80)*2 -> 0.0096 | CT80: 0.0048 | CU80: =ABS(CV80)*2 -> 0.1108 | CV80: -0.0554 | CW80: =ABS(CX80)*2 -> 0.0586 | CX80: 0.0293 | CY80: 0.0558 | CZ80: 0.0327 | DA80: 0.0669 | DB80: 0.0962 | DC80: 0.0917 | DD80: 0.0753 | DE80: 0.0372 | DF80: 0.0508 | DG80: 0.0292 | DH80: 0.0452 | DI80: -0.0007 | DJ80: 0.1136 | DK80: 0.1263 | DL80: 0.1201 | DM80: 0.1508 | DN80: 0.1753 | DO80: 0.0856 | DP80: 0.0896 | DQ80: 0.1001 | DR80: 0.0876 | DS80: 0.0939 | DT80: 0.0911 | DU80: 0.0936 | DV80: 0.0716 | DW80: 0.08 | DX80: =ABS(DE80-DF80) -> 0.0136 | DY80: =ABS(DF80-DG80) -> 0.0216 | DZ80: =ABS(DG80-DH80) -> 0.016 | EA80: =ABS(DH80-DI80) -> 0.0459 | EB80: 0.2579 | EC80: 0.2583 | ED80: 0.2086 | EE80: 0.2909 | EF80: 0.2721 | EG80: 0.2868 | EH80: 0.2468 | EI80: 0.2234 | EJ80: 0.2334 | EK80: =ABS(DJ80-DN80) -> 0.0617 | EL80: 7.85143 | EM80: 7.850946 | EN80: 7.803985 | EO80: 7.861256 | EP80: 7.811667 | EQ80: 7.796484 | ER80: 7.781016 | ES80: 7.801735 | ET80: 7.832294 | EU80: 7.9086 | EV80: 7.797243 | EW80: 7.793015 | EX80: 7.823859 | EY80: 7.843076 | EZ80: 7.794422 | FA80: 7.7753 | FB80: 7.766684 | FC80: 7.884693 | FD80: 0.2578 | FE80: 0.044 | FF80: 0.0267 | FG80: 0.0128 | FH80: 0.0361 | FI80: -0.0071 | FJ80: 0.022 | FK80: 0.0106 | FL80: 0.0429 | FM80: 0.0677 | FN80: -0.0019 | FO80: -0.0268 | FP80: -0.065 | FQ80: -0.1901 | FR80: 0.023 | FS80: 0.0049 | FT80: 0.1071 | FU80: 0.0224 | FV80: -0.0322 | FW80: -0.0048 | FX80: 0.0318 | FY80: 0.0469 | FZ80: 0.0466 | GA80: -0.0225 | GB80: -0.0307 | GC80: 0.0258 | GD80: 0.0113 | GE80: -0.0051 | GF80: -0.027 | GG80: -0.0602 | GH80: 0.0405 | GI80: -0.0428 | GJ80: 0.3013 | GK80: 0.0371 | GL80: 0.0182 | GM80: 0.0028 | GN80: 0.0252 | GO80: -0.0195 | GP80: 0.0082 | GQ80: -0.0043 | GR80: 0.0294 | GS80: 0.0559 | GT80: -0.0127 | GU80: -0.0391 | GV80: -0.0743 | GW80: -0.201 | GX80: 0.0151 | GY80: -0.0045 | GZ80: 0.0812 | HA80: -0.0284 | HB80: -0.042 | HC80: -0.0044 | HD80: 0.0121 | HE80: 0.0133 | HF80: -0.0548 | HG80: -0.022 | HH80: 0.0896 | HI80: 0.074 | HJ80: 0.0025 | HK80: 0.0343 | HL80: -0.054 | HM80: 0.1003 | HN80: -0.0381 | HO80: 0.0037 | HP80: -0.0092 | HQ80: -0.0516 | HR80: -0.045 | HS80: 0.0648 | HT80: 0.0988 | HU80: 0.0898 | HV80: 0.0568 | HW80: 0.0458 | HX80: 0.0449 | HY80: 0.1009 | HZ80: 0.0281 | IA80: 0.0138 | IB80: 0.0125 | IC80: 0.0136 | ID80: 0.0268 | IE80: 0.0311 | IF80: 0.135414 | IG80: 0.061596 | IH80: 0.014152 | II80: 0.08525 | IJ80: 0.126089 | IK80: 0.083674 | IL80: 0.024887 | IM80: 0.084831 | SM80: ='GRR Data'!A76 -> 0
A81: 2 | B81: 0F49RT626093WK | C81: 692.5 | D81: 0.1854 | E81: 0.2022 | F81: 0.2024 | G81: 0.1552 | H81: 0.1521 | I81: 0.1479 | J81: 0.1744 | K81: 0.1684 | L81: 0.1689 | M81: 0.1505 | N81: 0.1224 | O81: 0.1319 | P81: 0.1237 | Q81: 0.1012 | R81: 0.1263 | S81: 0.1863 | T81: 0.1792 | U81: 0.1958 | V81: 0.1745 | W81: 0.10116 | X81: 0.07183 | Y81: 0.1066 | Z81: 0.0976 | AA81: 0.13765 | AB81: 0.13573 | AC81: 0.09374 | AD81: 0.14009 | AE81: 0.07863 | AF81: 0.12964 | AG81: 0.13976 | AH81: 0.12344 | AI81: 0.08378 | AJ81: 0.10868 | AK81: 0.05292 | AL81: 0.0889 | AM81: 0.10347 | AN81: 274.5218 | AO81: 274.526 | AP81: 274.5268 | AQ81: 189.9492 | AR81: 189.9774 | AS81: 189.959 | AT81: 0.448484 | AU81: -0.194629 | AV81: -0.037997 | AW81: 0.09239 | AX81: 0.045054 | AY81: -0.146263 | AZ81: -0.025759 | BA81: 0.285634 | BB81: 0.262949 | BC81: 0.070977 | BD81: -0.104777 | BE81: -0.08251 | BF81: -0.045111 | BG81: 0.016943 | BH81: -0.011177 | BI81: -0.125724 | BJ81: 0.3728 | BK81: -0.0033 | BL81: 0.1864 | BM81: -0.1204 | BN81: -0.1577 | BO81: -0.1508 | BP81: -0.1449 | BQ81: 0.0948 | BR81: -0.0034 | BS81: -0.0473 | BT81: 0.0554 | BU81: 0.0073 | BV81: 0.0278 | BW81: 0.0753 | BX81: 0.0902 | BY81: 0.0778 | BZ81: 0.126 | CA81: 0.1277 | CB81: 0.0987 | CC81: 0.1464 | CD81: 0.154 | CE81: 0.136 | CF81: 0.1354 | CG81: 0.0813 | CH81: 0.1113 | CI81: 0.0917 | CJ81: 0.4757 | CK81: 0.5099 | CL81: 0.5161 | CM81: 0.4958 | CN81: =ABS(CJ81-CK81) -> 0.0342 | CO81: =ABS(CL81-CM81) -> 0.0203 | CP81: =ABS(AVEDEV(CJ81:CK81)-AVEDEV(CL81:CM81)) -> 0.00695 | CQ81: =ABS(CR81)*2 -> 0.0288 | CR81: -0.0144 | CS81: =ABS(CT81)*2 -> 0.0648 | CT81: -0.0324 | CU81: =ABS(CV81)*2 -> 0.0606 | CV81: -0.0303 | CW81: =ABS(CX81)*2 -> 0.1714 | CX81: -0.0857 | CY81: 0.0453 | CZ81: 0.0434 | DA81: 0.0879 | DB81: 0.0757 | DC81: 0.0712 | DD81: 0.1058 | DE81: 0.0305 | DF81: 0.0204 | DG81: -0.0257 | DH81: -0.0045 | DI81: 0.0096 | DJ81: 0.1136 | DK81: 0.114 | DL81: 0.083 | DM81: 0.0834 | DN81: 0.1079 | DO81: 0.1364 | DP81: 0.0694 | DQ81: 0.1006 | DR81: 0.1283 | DS81: 0.0732 | DT81: 0.0909 | DU81: 0.0931 | DV81: 0.0816 | DW81: 0.0909 | DX81: =ABS(DE81-DF81) -> 0.0101 | DY81: =ABS(DF81-DG81) -> 0.0461 | DZ81: =ABS(DG81-DH81) -> 0.0212 | EA81: =ABS(DH81-DI81) -> 0.0141 | EB81: 0.2336 | EC81: 0.2344 | ED81: 0.1967 | EE81: 0.3087 | EF81: 0.2964 | EG81: 0.3116 | EH81: 0.3145 | EI81: 0.3157 | EJ81: 0.2825 | EK81: =ABS(DJ81-DN81) -> 0.0057 | EL81: 7.837454 | EM81: 7.855072 | EN81: 7.813267 | EO81: 7.839979 | EP81: 7.805954 | EQ81: 7.830887 | ER81: 7.832106 | ES81: 7.841568 | ET81: 7.869132 | EU81: 7.916464 | EV81: 7.887974 | EW81: 7.847199 | EX81: 7.866976 | EY81: 7.911031 | EZ81: 7.859946 | FA81: 7.853573 | FB81: 7.884594 | FC81: 7.945901 | FD81: 0.3388 | FE81: 0.085 | FF81: 0.0574 | FG81: 0.0468 | FH81: 0.0166 | FI81: -0.0545 | FJ81: 0.0189 | FK81: 0.0686 | FL81: 0.0606 | FM81: 0.0921 | FN81: -0.0056 | FO81: -0.042 | FP81: -0.1198 | FQ81: -0.2467 | FR81: 0.0358 | FS81: -0.0132 | FT81: 0.1234 | FU81: 0.0532 | FV81: 0.0287 | FW81: -0.0153 | FX81: -0.0128 | FY81: 0.0162 | FZ81: -0.0096 | GA81: -0.0366 | GB81: 0.0183 | GC81: 0.0499 | GD81: -0.026 | GE81: 0.0346 | GF81: -0.0702 | GG81: 0.0145 | GH81: -0.05 | GI81: 0.0052 | GJ81: 0.3678 | GK81: 0.0163 | GL81: 0.0386 | GM81: 0.0738 | GN81: 0.0441 | GO81: -0.0264 | GP81: 0.0476 | GQ81: 0.0978 | GR81: 0.0439 | GS81: 0.0254 | GT81: -0.0727 | GU81: -0.0591 | GV81: -0.1874 | GW81: -0.2644 | GX81: -0.0324 | GY81: -0.0315 | GZ81: 0.1034 | HA81: 0.046 | HB81: -0.0226 | HC81: -0.0204 | HD81: 0.0079 | HE81: -0.0185 | HF81: -0.0459 | HG81: 0.0335 | HH81: 0.0981 | HI81: 0.0227 | HJ81: 0.0503 | HK81: -0.0209 | HL81: 0.0308 | HM81: -0.0001 | HN81: 0.022 | HO81: -0.0554 | HP81: -0.0375 | HQ81: -0.0792 | HR81: -0.0705 | HS81: 0.0794 | HT81: 0.0815 | HU81: 0.0724 | HV81: 0.0404 | HW81: 0.033 | HX81: 0.0324 | HY81: 0.0722 | HZ81: 0.0856 | IA81: -0.016 | IB81: -0.0248 | IC81: -0.027 | ID81: -0.0148 | IE81: 0.0035 | IF81: 0.020727 | IG81: 0.072375 | IH81: 0.010667 | II81: 0.089215 | IJ81: 0.015131 | IK81: 0.089169 | IL81: 0.018556 | IM81: 0.163471 | SM81: ='GRR Data'!A77 -> 0
A82: 3 | B82: 0F49RVD26093WK | C82: 692.8 | D82: 0.1685 | E82: 0.2341 | F82: 0.2282 | G82: 0.1989 | H82: 0.1605 | I82: 0.2108 | J82: 0.1651 | K82: 0.1691 | L82: 0.1387 | M82: 0.1635 | N82: 0.1157 | O82: 0.1083 | P82: 0.1099 | Q82: 0.1057 | R82: 0.1341 | S82: 0.1776 | T82: 0.1653 | U82: 0.1426 | V82: 0.1706 | W82: 0.0524 | X82: 0.06006 | Y82: 0.06532 | Z82: 0.06157 | AA82: 0.0864 | AB82: 0.10193 | AC82: 0.06772 | AD82: 0.11517 | AE82: 0.07496 | AF82: 0.10187 | AG82: 0.11857 | AH82: 0.12302 | AI82: 0.0838 | AJ82: 0.10714 | AK82: 0.04475 | AL82: 0.10749 | AM82: 0.09679 | AN82: 274.4736 | AO82: 274.4798 | AP82: 274.478 | AQ82: 189.9179 | AR82: 189.9196 | AS82: 189.923 | AT82: 0.440325 | AU82: -0.086936 | AV82: -0.026277 | AW82: 0.055091 | AX82: 0.006915 | AY82: -0.1453 | AZ82: -0.034778 | BA82: 0.216141 | BB82: 0.282221 | BC82: 0.144987 | BD82: -0.052996 | BE82: -0.109419 | BF82: -0.050915 | BG82: -0.001793 | BH82: -0.04097 | BI82: -0.155972 | BJ82: 0.4057 | BK82: -0.0239 | BL82: 0.2014 | BM82: -0.101 | BN82: -0.1359 | BO82: -0.1268 | BP82: -0.1386 | BQ82: 0.0889 | BR82: -0.0419 | BS82: -0.0149 | BT82: 0.1164 | BU82: 0.0178 | BV82: 0.0248 | BW82: 0.0887 | BX82: 0.0992 | BY82: 0.1516 | BZ82: 0.1626 | CA82: 0.0898 | CB82: 0.1003 | CC82: 0.0813 | CD82: 0.1723 | CE82: 0.1254 | CF82: 0.1355 | CG82: 0.0903 | CH82: 0.1073 | CI82: 0.0988 | CJ82: 0.483 | CK82: 0.4519 | CL82: 0.4758 | CM82: 0.4321 | CN82: =ABS(CJ82-CK82) -> 0.0311 | CO82: =ABS(CL82-CM82) -> 0.0437 | CP82: =ABS(AVEDEV(CJ82:CK82)-AVEDEV(CL82:CM82)) -> 0.0063 | CQ82: =ABS(CR82)*2 -> 0.0708 | CR82: -0.0354 | CS82: =ABS(CT82)*2 -> 0.088 | CT82: -0.044 | CU82: =ABS(CV82)*2 -> 0.2074 | CV82: -0.1037 | CW82: =ABS(CX82)*2 -> 0.1422 | CX82: -0.0711 | CY82: 0.0659 | CZ82: 0.0432 | DA82: 0.0878 | DB82: 0.0962 | DC82: 0.0815 | DD82: 0.054 | DE82: 0.0321 | DF82: 0.0795 | DG82: 0.0636 | DH82: 0.0603 | DI82: 0.05 | DJ82: 0.132 | DK82: 0.1381 | DL82: 0.1504 | DM82: 0.1566 | DN82: 0.1565 | DO82: 0.0752 | DP82: 0.0897 | DQ82: 0.0696 | DR82: 0.0669 | DS82: 0.0931 | DT82: 0.0805 | DU82: 0.0834 | DV82: 0.0607 | DW82: 0.0598 | DX82: =ABS(DE82-DF82) -> 0.0474 | DY82: =ABS(DF82-DG82) -> 0.0159 | DZ82: =ABS(DG82-DH82) -> 0.0033 | EA82: =ABS(DH82-DI82) -> 0.0103 | EB82: 0.2579 | EC82: 0.2701 | ED82: 0.2275 | EE82: 0.2536 | EF82: 0.2659 | EG82: 0.263 | EH82: 0.2712 | EI82: 0.2422 | EJ82: 0.2523 | EK82: =ABS(DJ82-DN82) -> 0.0245 | EL82: 7.87242 | EM82: 7.849068 | EN82: 7.803608 | EO82: 7.814575 | EP82: 7.787858 | EQ82: 7.782324 | ER82: 7.760859 | ES82: 7.780735 | ET82: 7.81973 | EU82: 7.923874 | EV82: 7.837354 | EW82: 7.8291 | EX82: 7.879064 | EY82: 7.923401 | EZ82: 7.840535 | FA82: 7.820757 | FB82: 7.821881 | FC82: 7.89922 | FD82: 0.2581 | FE82: 0.0464 | FF82: 0 | FG82: -0.0543 | FH82: 0.0572 | FI82: 0.0631 | FJ82: 0.0606 | FK82: -0.0118 | FL82: -0.0027 | FM82: 0.0446 | FN82: 0.0183 | FO82: -0.0241 | FP82: -0.0652 | FQ82: -0.1951 | FR82: 0.0606 | FS82: 0.0025 | FT82: 0.1371 | FU82: -0.0097 | FV82: -0.0585 | FW82: -0.0575 | FX82: 0.0235 | FY82: 0.0786 | FZ82: 0.0288 | GA82: -0.0555 | GB82: -0.05 | GC82: -0.0158 | GD82: -0.0033 | GE82: 0.0271 | GF82: 0.0147 | GG82: 0.0491 | GH82: 0.0276 | GI82: 0.0008 | GJ82: 0.3167 | GK82: -0.0262 | GL82: -0.0085 | GM82: -0.004 | GN82: 0.1039 | GO82: 0.1044 | GP82: 0.0966 | GQ82: 0.0204 | GR82: -0.0293 | GS82: -0.046 | GT82: -0.0684 | GU82: -0.0468 | GV82: -0.1466 | GW82: -0.2123 | GX82: -0.0156 | GY82: -0.0095 | GZ82: 0.0156 | HA82: -0.0497 | HB82: -0.0609 | HC82: 0.0237 | HD82: 0.084 | HE82: 0.0396 | HF82: -0.0408 | HG82: -0.0231 | HH82: 0.0276 | HI82: 0.0362 | HJ82: 0.0501 | HK82: 0.0489 | HL82: 0.0668 | HM82: 0.0564 | HN82: 0.0132 | HO82: -0.1004 | HP82: -0.0841 | HQ82: -0.1166 | HR82: -0.1008 | HS82: 0.0618 | HT82: 0.0637 | HU82: 0.0808 | HV82: 0.0402 | HW82: 0.0459 | HX82: 0.0359 | HY82: 0.0537 | HZ82: 0.0549 | IA82: -0.0561 | IB82: -0.0703 | IC82: -0.0738 | ID82: -0.0542 | IE82: -0.0295 | IF82: 0.068086 | IG82: 0.088566 | IH82: 0.006533 | II82: 0.025044 | IJ82: 0.096778 | IK82: 0.088666 | IL82: 0.03813 | IM82: 0.102946 | SM82: ='GRR Data'!A78 -> 0
A83: 4 | B83: 0F49RVF26093WK | C83: 690.5 | D83: 0.152 | E83: 0.1973 | F83: 0.1881 | G83: 0.1546 | H83: 0.1359 | I83: 0.1875 | J83: 0.2018 | K83: 0.1762 | L83: 0.1624 | M83: 0.2055 | N83: 0.093 | O83: 0.0986 | P83: 0.1307 | Q83: 0.1237 | R83: 0.14 | S83: 0.1385 | T83: 0.1859 | U83: 0.1641 | V83: 0.1572 | W83: 0.07556 | X83: 0.10635 | Y83: 0.08795 | Z83: 0.09214 | AA83: 0.14249 | AB83: 0.1473 | AC83: 0.09214 | AD83: 0.14406 | AE83: 0.10995 | AF83: 0.14594 | AG83: 0.15128 | AH83: 0.1345 | AI83: 0.10517 | AJ83: 0.13031 | AK83: 0.08211 | AL83: 0.13217 | AM83: 0.1151 | AN83: 274.4685 | AO83: 274.4711 | AP83: 274.4726 | AQ83: 189.918 | AR83: 189.9201 | AS83: 189.9243 | AT83: 0.433313 | AU83: -0.104727 | AV83: -0.003544 | AW83: 0.117882 | AX83: 0.012466 | AY83: -0.112537 | AZ83: -0.037259 | BA83: 0.19957 | BB83: 0.279397 | BC83: 0.169688 | BD83: -0.057945 | BE83: -0.11568 | BF83: -0.089674 | BG83: -0.059265 | BH83: -0.063353 | BI83: -0.135019 | BJ83: 0.3088 | BK83: 0.0785 | BL83: 0.1329 | BM83: -0.1414 | BN83: -0.1603 | BO83: -0.1559 | BP83: -0.1639 | BQ83: 0.1427 | BR83: 0.0495 | BS83: -0.0514 | BT83: 0.0344 | BU83: 0.0115 | BV83: 0.0877 | BW83: 0.1068 | BX83: 0.1187 | BY83: 0.1419 | BZ83: 0.1347 | CA83: 0.1447 | CB83: 0.0893 | CC83: 0.0814 | CD83: 0.1628 | CE83: 0.1342 | CF83: 0.153 | CG83: 0.0997 | CH83: 0.1178 | CI83: 0.0917 | CJ83: 0.4259 | CK83: 0.4782 | CL83: 0.4088 | CM83: 0.3945 | CN83: =ABS(CJ83-CK83) -> 0.0523 | CO83: =ABS(CL83-CM83) -> 0.0143 | CP83: =ABS(AVEDEV(CJ83:CK83)-AVEDEV(CL83:CM83)) -> 0.019 | CQ83: =ABS(CR83)*2 -> 0.13 | CR83: -0.065 | CS83: =ABS(CT83)*2 -> 0.0442 | CT83: 0.0221 | CU83: =ABS(CV83)*2 -> 0.1048 | CV83: -0.0524 | CW83: =ABS(CX83)*2 -> 0.057 | CX83: 0.0285 | CY83: 0.0656 | CZ83: 0.0531 | DA83: 0.0675 | DB83: 0.0861 | DC83: 0.0816 | DD83: 0.0646 | DE83: 0.0322 | DF83: 0.0327 | DG83: 0.0247 | DH83: 0.0764 | DI83: 0.0672 | DJ83: 0.1504 | DK83: 0.1443 | DL83: 0.1504 | DM83: 0.1504 | DN83: 0.1688 | DO83: 0.1059 | DP83: 0.1206 | DQ83: 0.0792 | DR83: 0.0877 | DS83: 0.0624 | DT83: 0.1009 | DU83: 0.094 | DV83: 0.0918 | DW83: 0.07 | DX83: =ABS(DE83-DF83) -> 0.0005 | DY83: =ABS(DF83-DG83) -> 0.008 | DZ83: =ABS(DG83-DH83) -> 0.0517 | EA83: =ABS(DH83-DI83) -> 0.0092 | EB83: 0.3131 | EC83: 0.3258 | ED83: 0.2706 | EE83: 0.2542 | EF83: 0.2481 | EG83: 0.2194 | EH83: 0.222 | EI83: 0.2109 | EJ83: 0.2091 | EK83: =ABS(DJ83-DN83) -> 0.0184 | EL83: 7.870541 | EM83: 7.846447 | EN83: 7.806512 | EO83: 7.810543 | EP83: 7.808477 | EQ83: 7.7932 | ER83: 7.798076 | ES83: 7.814388 | ET83: 7.843352 | EU83: 7.923874 | EV83: 7.776893 | EW83: 7.776234 | EX83: 7.801921 | EY83: 7.813354 | EZ83: 7.782325 | FA83: 7.789548 | FB83: 7.762546 | FC83: 7.843167 | FD83: 0.2752 | FE83: 0.0612 | FF83: 0.0326 | FG83: 0.0001 | FH83: 0.0266 | FI83: -0.0015 | FJ83: 0.0384 | FK83: 0.0106 | FL83: 0.0317 | FM83: 0.0701 | FN83: 0.0079 | FO83: -0.0101 | FP83: -0.1103 | FQ83: -0.2051 | FR83: 0.0385 | FS83: 0.0092 | FT83: 0.1246 | FU83: 0.0016 | FV83: -0.0401 | FW83: -0.0133 | FX83: 0.027 | FY83: 0.0425 | FZ83: 0.0345 | GA83: -0.0013 | GB83: -0.031 | GC83: -0.0139 | GD83: 0.0263 | GE83: -0.0003 | GF83: -0.0107 | GG83: -0.0613 | GH83: 0.0633 | GI83: -0.0234 | GJ83: 0.3338 | GK83: 0.0366 | GL83: 0.0196 | GM83: -0.0021 | GN83: 0.0248 | GO83: -0.0026 | GP83: 0.038 | GQ83: 0.0109 | GR83: 0.0212 | GS83: 0.048 | GT83: -0.0148 | GU83: -0.0211 | GV83: -0.1337 | GW83: -0.2168 | GX83: 0.0144 | GY83: -0.0032 | GZ83: 0.0558 | HA83: -0.0306 | HB83: -0.0371 | HC83: 0.0027 | HD83: 0.0175 | HE83: 0.0088 | HF83: -0.0276 | HG83: -0.024 | HH83: 0.0379 | HI83: 0.0786 | HJ83: 0.0072 | HK83: 0.0423 | HL83: -0.053 | HM83: 0.117 | HN83: -0.0144 | HO83: -0.0587 | HP83: -0.0319 | HQ83: -0.0721 | HR83: -0.0546 | HS83: 0.0834 | HT83: 0.0564 | HU83: 0.0808 | HV83: 0.0371 | HW83: 0.0456 | HX83: 0.0283 | HY83: 0.0903 | HZ83: 0.0271 | IA83: -0.0102 | IB83: -0.0179 | IC83: -0.019 | ID83: -0.0023 | IE83: 0.0075 | IF83: 0.044342 | IG83: 0.031265 | IH83: 0.021502 | II83: 0.067198 | IJ83: 0.040471 | IK83: 0.04548 | IL83: 0.044154 | IM83: 0.135405 | SM83: ='GRR Data'!A79 -> 0
A84: 5 | B84: 0F49RVB26093WK | C84: 688.4 | D84: 0.1728 | E84: 0.239 | F84: 0.2767 | G84: 0.1878 | H84: 0.1416 | I84: 0.1351 | J84: 0.1184 | K84: 0.1584 | L84: 0.1251 | M84: 0.1621 | N84: 0.0769 | O84: 0.1436 | P84: 0.1498 | Q84: 0.1308 | R84: 0.1508 | S84: 0.1878 | T84: 0.2094 | U84: 0.2021 | V84: 0.204 | W84: 0.07948 | X84: 0.10874 | Y84: 0.10597 | Z84: 0.08744 | AA84: 0.09524 | AB84: 0.10632 | AC84: 0.06192 | AD84: 0.11547 | AE84: 0.07456 | AF84: 0.11828 | AG84: 0.12146 | AH84: 0.12997 | AI84: 0.08288 | AJ84: 0.1032 | AK84: 0.04958 | AL84: 0.10135 | AM84: 0.10558 | AN84: 274.4622 | AO84: 274.4714 | AP84: 274.4775 | AQ84: 189.9051 | AR84: 189.9231 | AS84: 189.9177 | AT84: 0.367087 | AU84: -0.095489 | AV84: -0.02196 | AW84: 0.096944 | AX84: 0.04281 | AY84: -0.088755 | AZ84: -0.027228 | BA84: 0.190388 | BB84: 0.234022 | BC84: 0.113712 | BD84: -0.056084 | BE84: -0.114728 | BF84: -0.058165 | BG84: -0.007688 | BH84: -0.05198 | BI84: -0.155799 | BJ84: 0.3569 | BK84: -0.08 | BL84: 0.1595 | BM84: -0.1446 | BN84: -0.1568 | BO84: -0.1419 | BP84: -0.1539 | BQ84: 0.1131 | BR84: 0.0204 | BS84: -0.0527 | BT84: 0.0381 | BU84: 0.0259 | BV84: 0.0896 | BW84: 0.1366 | BX84: 0.1098 | BY84: 0.1519 | BZ84: 0.153 | CA84: 0.1396 | CB84: 0.0898 | CC84: 0.0539 | CD84: 0.1811 | CE84: 0.1345 | CF84: 0.1398 | CG84: 0.0813 | CH84: 0.0631 | CI84: 0.0993 | CJ84: 0.4509 | CK84: 0.4544 | CL84: 0.4541 | CM84: 0.4434 | CN84: =ABS(CJ84-CK84) -> 0.0035 | CO84: =ABS(CL84-CM84) -> 0.0107 | CP84: =ABS(AVEDEV(CJ84:CK84)-AVEDEV(CL84:CM84)) -> 0.0036 | CQ84: =ABS(CR84)*2 -> 0.0736 | CR84: 0.0368 | CS84: =ABS(CT84)*2 -> 0.1032 | CT84: -0.0516 | CU84: =ABS(CV84)*2 -> 0.0948 | CV84: 0.0474 | CW84: =ABS(CX84)*2 -> 0.1122 | CX84: -0.0561 | CY84: 0.0556 | CZ84: 0.064 | DA84: 0.088 | DB84: 0.0767 | DC84: 0.082 | DD84: 0.0849 | DE84: 0.0561 | DF84: 0.09 | DG84: 0.0387 | DH84: 0.003 | DI84: 0.0159 | DJ84: 0.1382 | DK84: 0.1381 | DL84: 0.1202 | DM84: 0.1263 | DN84: 0.1569 | DO84: 0.096 | DP84: 0.0794 | DQ84: 0.0899 | DR84: 0.0982 | DS84: 0.0832 | DT84: 0.0809 | DU84: 0.083 | DV84: 0.0508 | DW84: 0.0699 | DX84: =ABS(DE84-DF84) -> 0.0339 | DY84: =ABS(DF84-DG84) -> 0.0513 | DZ84: =ABS(DG84-DH84) -> 0.0357 | EA84: =ABS(DH84-DI84) -> 0.0129 | EB84: 0.2518 | EC84: 0.2518 | ED84: 0.2399 | EE84: 0.2965 | EF84: 0.2904 | EG84: 0.3235 | EH84: 0.3137 | EI84: 0.2961 | EJ84: 0.2521 | EK84: =ABS(DJ84-DN84) -> 0.0187 | EL84: 7.8187 | EM84: 7.828157 | EN84: 7.794318 | EO84: 7.811096 | EP84: 7.812314 | EQ84: 7.806409 | ER84: 7.801254 | ES84: 7.794222 | ET84: 7.815035 | EU84: 7.864529 | EV84: 7.760859 | EW84: 7.773505 | EX84: 7.812033 | EY84: 7.805658 | EZ84: 7.768631 | FA84: 7.769197 | FB84: 7.772575 | FC84: 7.878965 | FD84: 0.2641 | FE84: 0.062 | FF84: 0.0275 | FG84: -0.0046 | FH84: 0.033 | FI84: 0.0128 | FJ84: 0.0335 | FK84: -0.0008 | FL84: 0.0249 | FM84: 0.0794 | FN84: 0.0024 | FO84: -0.0147 | FP84: -0.0965 | FQ84: -0.1848 | FR84: 0.02 | FS84: 0.0059 | FT84: 0.198 | FU84: 0.0863 | FV84: 0.0194 | FW84: 0.0253 | FX84: 0.012 | FY84: -0.0059 | FZ84: 0.0149 | GA84: 0.0442 | GB84: 0.027 | GC84: 0.0573 | GD84: -0.0111 | GE84: -0.0408 | GF84: -0.0719 | GG84: -0.1117 | GH84: 0.007 | GI84: -0.0522 | GJ84: 0.2973 | GK84: 0.0514 | GL84: 0.0379 | GM84: 0.0252 | GN84: 0.0552 | GO84: 0.0236 | GP84: 0.0329 | GQ84: -0.0097 | GR84: -0.0033 | GS84: 0.0301 | GT84: -0.0385 | GU84: -0.0345 | GV84: -0.1261 | GW84: -0.1932 | GX84: 0.0017 | GY84: 0.0087 | GZ84: 0.0944 | HA84: 0.0078 | HB84: -0.0009 | HC84: -0.0066 | HD84: -0.0131 | HE84: 0.019 | HF84: 0.0567 | HG84: 0.0541 | HH84: 0.1041 | HI84: 0.0273 | HJ84: -0.022 | HK84: -0.0447 | HL84: -0.1042 | HM84: 0.0228 | HN84: -0.0561 | HO84: -0.0729 | HP84: -0.0593 | HQ84: -0.0792 | HR84: -0.069 | HS84: 0.0857 | HT84: 0.072 | HU84: 0.0903 | HV84: 0.0324 | HW84: 0.0629 | HX84: 0.0201 | HY84: 0.1138 | HZ84: 0.0451 | IA84: -0.0277 | IB84: -0.0465 | IC84: -0.0426 | ID84: -0.0358 | IE84: -0.0102 | IF84: 0.068527 | IG84: 0.073571 | IH84: 0.014858 | II84: 0.066302 | IJ84: 0.068559 | IK84: 0.070588 | IL84: 0.023497 | IM84: 0.122183 | SM84: ='GRR Data'!A80 -> 0
A85: 6 | B85: 0F49RVC26093WK | C85: 689.9 | D85: 0.1917 | E85: 0.2177 | F85: 0.2454 | G85: 0.1511 | H85: 0.1953 | I85: 0.1224 | J85: 0.1331 | K85: 0.0985 | L85: 0.1311 | M85: 0.1401 | N85: 0.1486 | O85: 0.1266 | P85: 0.143 | Q85: 0.1542 | R85: 0.1744 | S85: 0.1748 | T85: 0.1822 | U85: 0.1824 | V85: 0.2024 | W85: 0.08759 | X85: 0.10753 | Y85: 0.09992 | Z85: 0.08783 | AA85: 0.12135 | AB85: 0.16293 | AC85: 0.11371 | AD85: 0.16474 | AE85: 0.11778 | AF85: 0.14274 | AG85: 0.15977 | AH85: 0.16677 | AI85: 0.12653 | AJ85: 0.18671 | AK85: 0.14339 | AL85: 0.15681 | AM85: 0.14877 | AN85: 274.4739 | AO85: 274.4887 | AP85: 274.4934 | AQ85: 189.9279 | AR85: 189.9474 | AS85: 189.9408 | AT85: 0.376267 | AU85: -0.030627 | AV85: -0.011713 | AW85: 0.07141 | AX85: 0.034269 | AY85: -0.095295 | AZ85: -0.027488 | BA85: 0.190657 | BB85: 0.233985 | BC85: 0.156204 | BD85: -0.039964 | BE85: -0.139851 | BF85: -0.094973 | BG85: -0.056281 | BH85: -0.054615 | BI85: -0.135718 | BJ85: 0.395 | BK85: -0.0905 | BL85: 0.1755 | BM85: -0.1245 | BN85: -0.1463 | BO85: -0.1436 | BP85: -0.1263 | BQ85: 0.1391 | BR85: 0.0064 | BS85: -0.0693 | BT85: 0.0537 | BU85: 0.0138 | BV85: 0.0561 | BW85: 0.138 | BX85: 0.1633 | BY85: 0.1791 | BZ85: 0.1709 | CA85: 0.0902 | CB85: 0.1112 | CC85: 0.0635 | CD85: 0.1972 | CE85: 0.1617 | CF85: 0.1612 | CG85: 0.0722 | CH85: 0.0815 | CI85: 0.0629 | CJ85: 0.6285 | CK85: 0.5123 | CL85: 0.561 | CM85: 0.5094 | CN85: =ABS(CJ85-CK85) -> 0.1162 | CO85: =ABS(CL85-CM85) -> 0.0516 | CP85: =ABS(AVEDEV(CJ85:CK85)-AVEDEV(CL85:CM85)) -> 0.0323 | CQ85: =ABS(CR85)*2 -> 0.197 | CR85: -0.0985 | CS85: =ABS(CT85)*2 -> 0.1642 | CT85: -0.0821 | CU85: =ABS(CV85)*2 -> 0.2028 | CV85: -0.1014 | CW85: =ABS(CX85)*2 -> 0.183 | CX85: -0.0915 | CY85: 0.0556 | CZ85: 0.053 | DA85: 0.1086 | DB85: 0.076 | DC85: 0.0817 | DD85: 0.0745 | DE85: 0.0335 | DF85: 0.0469 | DG85: -0.016 | DH85: -0.0167 | DI85: 0.0448 | DJ85: 0.1504 | DK85: 0.1442 | DL85: 0.1627 | DM85: 0.1753 | DN85: 0.206 | DO85: 0.0958 | DP85: 0.0797 | DQ85: 0.0894 | DR85: 0.0566 | DS85: 0.0628 | DT85: 0.0498 | DU85: 0.0834 | DV85: 0.0811 | DW85: 0.0793 | DX85: =ABS(DE85-DF85) -> 0.0134 | DY85: =ABS(DF85-DG85) -> 0.0629 | DZ85: =ABS(DG85-DH85) -> 0.0007 | EA85: =ABS(DH85-DI85) -> 0.0615 | EB85: 0.2637 | EC85: 0.2577 | ED85: 0.2264 | EE85: 0.3025 | EF85: 0.2784 | EG85: 0.2869 | EH85: 0.278 | EI85: 0.2416 | EJ85: 0.2765 | EK85: =ABS(DJ85-DN85) -> 0.0556 | EL85: 7.885346 | EM85: 7.863878 | EN85: 7.801263 | EO85: 7.810629 | EP85: 7.818326 | EQ85: 7.801732 | ER85: 7.779887 | ES85: 7.80295 | ET85: 7.850477 | EU85: 7.906811 | EV85: 7.838102 | EW85: 7.839695 | EX85: 7.856473 | EY85: 7.865847 | EZ85: 7.810071 | FA85: 7.814475 | FB85: 7.800139 | FC85: 7.87681 | FD85: 0.214 | FE85: -0.0072 | FF85: -0.0315 | FG85: -0.0674 | FH85: 0.0589 | FI85: 0.0871 | FJ85: 0.043 | FK85: -0.0593 | FL85: -0.0328 | FM85: -0.0061 | FN85: 0.0494 | FO85: 0.0368 | FP85: -0.0212 | FQ85: -0.1269 | FR85: 0.0417 | FS85: 0.0356 | FT85: 0.0886 | FU85: 0.0131 | FV85: -0.0374 | FW85: -0.0209 | FX85: 0.0297 | FY85: 0.0507 | FZ85: 0.0382 | GA85: -0.0213 | GB85: -0.0379 | GC85: 0.0127 | GD85: -0.0062 | GE85: -0.0005 | GF85: 0.0151 | GG85: -0.0317 | GH85: 0.0222 | GI85: -0.0258 | GJ85: 0.2148 | GK85: -0.0147 | GL85: -0.0381 | GM85: -0.0732 | GN85: 0.0551 | GO85: 0.0864 | GP85: 0.0452 | GQ85: -0.0548 | GR85: -0.0291 | GS85: -0.0033 | GT85: 0.05 | GU85: 0.0382 | GV85: -0.0237 | GW85: -0.1285 | GX85: 0.0362 | GY85: 0.031 | GZ85: 0.0257 | HA85: -0.0313 | HB85: -0.0196 | HC85: 0.0289 | HD85: 0.0469 | HE85: 0.0314 | HF85: -0.0303 | HG85: -0.0421 | HH85: 0.015 | HI85: -0.0017 | HJ85: -0.0025 | HK85: 0.0226 | HL85: -0.0307 | HM85: 0.0327 | HN85: -0.0217 | HO85: -0.0881 | HP85: -0.1156 | HQ85: -0.1115 | HR85: -0.1093 | HS85: 0.0779 | HT85: 0.0724 | HU85: 0.0854 | HV85: 0.0269 | HW85: 0.0373 | HX85: 0.0444 | HY85: 0.0549 | HZ85: 0.0921 | IA85: -0.0501 | IB85: -0.069 | IC85: -0.0763 | ID85: -0.0702 | IE85: -0.0677 | IF85: 0.123647 | IG85: 0.043298 | IH85: 0.029766 | II85: 0.03556 | IJ85: 0.139133 | IK85: 0.059057 | IL85: 0.009061 | IM85: 0.037914 | SM85: ='GRR Data'!A81 -> 0
A86: 7 | B86: 0F49RV826093WK | C86: 693.1 | D86: 0.1795 | E86: 0.2013 | F86: 0.1899 | G86: 0.1527 | H86: 0.1721 | I86: 0.1604 | J86: 0.1533 | K86: 0.1648 | L86: 0.161 | M86: 0.1701 | N86: 0.1503 | O86: 0.122 | P86: 0.1386 | Q86: 0.1467 | R86: 0.143 | S86: 0.1334 | T86: 0.1708 | U86: 0.1731 | V86: 0.1588 | W86: 0.0737 | X86: 0.07053 | Y86: 0.07043 | Z86: 0.08134 | AA86: 0.11142 | AB86: 0.13179 | AC86: 0.07923 | AD86: 0.12494 | AE86: 0.10186 | AF86: 0.12795 | AG86: 0.1372 | AH86: 0.12236 | AI86: 0.10459 | AJ86: 0.12858 | AK86: 0.08799 | AL86: 0.11661 | AM86: 0.11947 | AN86: 274.4851 | AO86: 274.4874 | AP86: 274.4952 | AQ86: 189.9201 | AR86: 189.9307 | AS86: 189.9314 | AT86: 0.453671 | AU86: -0.144008 | AV86: -0.036953 | AW86: 0.046858 | AX86: -0.023621 | AY86: -0.153625 | AZ86: 0.007675 | BA86: 0.233102 | BB86: 0.276116 | BC86: 0.147873 | BD86: -0.07307 | BE86: -0.115274 | BF86: -0.079927 | BG86: -0.011113 | BH86: -0.001822 | BI86: -0.072211 | BJ86: 0.3794 | BK86: -0.0333 | BL86: 0.1868 | BM86: -0.1278 | BN86: -0.1461 | BO86: -0.1452 | BP86: -0.1362 | BQ86: 0.1463 | BR86: 0.0013 | BS86: -0.0732 | BT86: 0.0554 | BU86: 0.0107 | BV86: 0.0543 | BW86: 0.1244 | BX86: 0.1628 | BY86: 0.1542 | BZ86: 0.1549 | CA86: 0.0722 | CB86: 0.1082 | CC86: 0.1081 | CD86: 0.1993 | CE86: 0.144 | CF86: 0.162 | CG86: 0.0813 | CH86: 0.1176 | CI86: 0.0988 | CJ86: 0.5362 | CK86: 0.5042 | CL86: 0.5289 | CM86: 0.4963 | CN86: =ABS(CJ86-CK86) -> 0.032 | CO86: =ABS(CL86-CM86) -> 0.0326 | CP86: =ABS(AVEDEV(CJ86:CK86)-AVEDEV(CL86:CM86)) -> 0.0003 | CQ86: =ABS(CR86)*2 -> 0.3056 | CR86: -0.1528 | CS86: =ABS(CT86)*2 -> 0.0792 | CT86: 0.0396 | CU86: =ABS(CV86)*2 -> 0.35 | CV86: -0.175 | CW86: =ABS(CX86)*2 -> 0.0102 | CX86: 0.0051 | CY86: 0.1373 | CZ86: 0.1355 | DA86: 0.0773 | DB86: 0.1682 | DC86: 0.1534 | DD86: 0.1158 | DE86: 0.0377 | DF86: 0.0044 | DG86: 0.0944 | DH86: 0.1359 | DI86: 0.0086 | DJ86: 0.175 | DK86: 0.1753 | DL86: 0.1691 | DM86: 0.1692 | DN86: 0.1691 | DO86: 0.1265 | DP86: 0.1209 | DQ86: 0.1211 | DR86: 0.1185 | DS86: 0.0727 | DT86: 0.1116 | DU86: 0.1139 | DV86: 0.1017 | DW86: 0.1414 | DX86: =ABS(DE86-DF86) -> 0.0333 | DY86: =ABS(DF86-DG86) -> 0.09 | DZ86: =ABS(DG86-DH86) -> 0.0415 | EA86: =ABS(DH86-DI86) -> 0.1273 | EB86: 0.2886 | EC86: 0.2825 | ED86: 0.2089 | EE86: 0.2653 | EF86: 0.3029 | EG86: 0.2623 | EH86: 0.2342 | EI86: 0.2412 | EJ86: 0.2823 | EK86: =ABS(DJ86-DN86) -> 0.0059 | EL86: 7.864459 | EM86: 7.851696 | EN86: 7.799108 | EO86: 7.823291 | EP86: 7.806231 | EQ86: 7.78767 | ER86: 7.800138 | ES86: 7.824508 | ET86: 7.860044 | EU86: 7.914501 | EV86: 7.872227 | EW86: 7.823103 | EX86: 7.879065 | EY86: 7.90606 | EZ86: 7.846632 | FA86: 7.796862 | FB86: 7.838662 | FC86: 7.933244 | FD86: 0.2178 | FE86: 0.021 | FF86: 0.0065 | FG86: -0.017 | FH86: 0.0244 | FI86: 0.0186 | FJ86: 0.028 | FK86: 0.0165 | FL86: 0.0133 | FM86: 0.0226 | FN86: 0.0228 | FO86: -0.0183 | FP86: -0.0586 | FQ86: -0.1612 | FR86: 0.0566 | FS86: 0.0248 | FT86: 0.1427 | FU86: -0.0075 | FV86: -0.0151 | FW86: -0.0369 | FX86: 0.0235 | FY86: 0.0429 | FZ86: 0.0214 | GA86: -0.0712 | GB86: -0.0403 | GC86: -0.0208 | GD86: 0.054 | GE86: 0.0715 | GF86: -0.0244 | GG86: 0.0097 | GH86: -0.0162 | GI86: 0.0093 | GJ86: 0.2794 | GK86: 0.0007 | GL86: 0.0011 | GM86: -0.0087 | GN86: 0.0302 | GO86: 0.0207 | GP86: 0.0264 | GQ86: 0.0122 | GR86: -0.0046 | GS86: -0.0102 | GT86: -0.0074 | GU86: -0.0335 | GV86: -0.0851 | GW86: -0.1727 | GX86: 0.0339 | GY86: 0.0169 | GZ86: 0.0354 | HA86: -0.0128 | HB86: -0.0647 | HC86: -0.0018 | HD86: 0.0212 | HE86: 0.0035 | HF86: -0.0864 | HG86: -0.0254 | HH86: 0.0347 | HI86: 0.1067 | HJ86: 0.0836 | HK86: 0.0247 | HL86: 0.0182 | HM86: 0.0291 | HN86: 0.0141 | HO86: -0.1092 | HP86: -0.0918 | HQ86: -0.1134 | HR86: -0.1098 | HS86: 0.06 | HT86: 0.0359 | HU86: 0.0449 | HV86: 0.0284 | HW86: 0.0449 | HX86: 0.0516 | HY86: 0.0813 | HZ86: 0.0813 | IA86: -0.0616 | IB86: -0.0707 | IC86: -0.0725 | ID86: -0.066 | IE86: -0.0395 | IF86: 0.035077 | IG86: 0.072399 | IH86: 0.010261 | II86: 0.151066 | IJ86: 0.029439 | IK86: 0.033846 | IL86: 0.001702 | IM86: 0.109231 | SM86: ='GRR Data'!A82 -> 0
A87: 8 | B87: 0F49RV926093WK | C87: 691.5 | D87: 0.1943 | E87: 0.2408 | F87: 0.2331 | G87: 0.1977 | H87: 0.2279 | I87: 0.1354 | J87: 0.158 | K87: 0.1481 | L87: 0.1314 | M87: 0.1264 | N87: 0.1381 | O87: 0.1416 | P87: 0.1635 | Q87: 0.1364 | R87: 0.1524 | S87: 0.1655 | T87: 0.1975 | U87: 0.1629 | V87: 0.1595 | W87: 0.04753 | X87: 0.07655 | Y87: 0.06843 | Z87: 0.06909 | AA87: 0.09785 | AB87: 0.10807 | AC87: 0.06471 | AD87: 0.12765 | AE87: 0.0781 | AF87: 0.13104 | AG87: 0.15061 | AH87: 0.12498 | AI87: 0.06587 | AJ87: 0.11848 | AK87: 0.06849 | AL87: 0.10419 | AM87: 0.09811 | AN87: 274.4718 | AO87: 274.4831 | AP87: 274.4842 | AQ87: 189.915 | AR87: 189.9362 | AS87: 189.9268 | AT87: 0.482322 | AU87: -0.049276 | AV87: 0.076434 | AW87: 0.199333 | AX87: 0.105514 | AY87: -0.1186 | AZ87: -0.043355 | BA87: 0.217035 | BB87: 0.268111 | BC87: 0.130963 | BD87: -0.067485 | BE87: -0.174932 | BF87: -0.157583 | BG87: -0.084738 | BH87: -0.097756 | BI87: -0.203669 | BJ87: 0.4129 | BK87: 0.0195 | BL87: 0.2055 | BM87: -0.1311 | BN87: -0.1514 | BO87: -0.151 | BP87: -0.156 | BQ87: 0.1208 | BR87: 0.0056 | BS87: -0.0601 | BT87: 0.0525 | BU87: 0.023 | BV87: 0.0352 | BW87: 0.1107 | BX87: 0.1901 | BY87: 0.1427 | BZ87: 0.1262 | CA87: 0.0356 | CB87: 0.0902 | CC87: 0.0916 | CD87: 0.1803 | CE87: 0.1163 | CF87: 0.0898 | CG87: 0.0638 | CH87: 0.0988 | CI87: 0.0992 | CJ87: 0.403 | CK87: 0.4096 | CL87: 0.537 | CM87: 0.4893 | CN87: =ABS(CJ87-CK87) -> 0.0066 | CO87: =ABS(CL87-CM87) -> 0.0477 | CP87: =ABS(AVEDEV(CJ87:CK87)-AVEDEV(CL87:CM87)) -> 0.02055 | CQ87: =ABS(CR87)*2 -> 0.049 | CR87: 0.0245 | CS87: =ABS(CT87)*2 -> 0.0886 | CT87: -0.0443 | CU87: =ABS(CV87)*2 -> 0.2158 | CV87: -0.1079 | CW87: =ABS(CX87)*2 -> 0.219 | CX87: -0.1095 | CY87: 0.2496 | CZ87: 0.135 | DA87: 0.088 | DB87: 0.1983 | DC87: 0.1325 | DD87: 0.1156 | DE87: 0.0306 | DF87: -0.0127 | DG87: 0.0051 | DH87: 0.0278 | DI87: 0.0396 | DJ87: 0.1443 | DK87: 0.1504 | DL87: 0.1565 | DM87: 0.1937 | DN87: 0.1569 | DO87: 0.1056 | DP87: 0.1005 | DQ87: 0.1309 | DR87: 0.1186 | DS87: 0.1243 | DT87: 0.1424 | DU87: 0.1139 | DV87: 0.1226 | DW87: 0.1417 | DX87: =ABS(DE87-DF87) -> 0.0433 | DY87: =ABS(DF87-DG87) -> 0.0178 | DZ87: =ABS(DG87-DH87) -> 0.0227 | EA87: =ABS(DH87-DI87) -> 0.0118 | EB87: 0.295 | EC87: 0.295 | ED87: 0.2585 | EE87: 0.3084 | EF87: 0.3027 | EG87: 0.3177 | EH87: 0.2769 | EI87: 0.2847 | EJ87: 0.2885 | EK87: =ABS(DJ87-DN87) -> 0.0126 | EL87: 7.872146 | EM87: 7.881037 | EN87: 7.840733 | EO87: 7.816828 | EP87: 7.818045 | EQ87: 7.809046 | ER87: 7.816827 | ES87: 7.828259 | ET87: 7.846825 | EU87: 7.90044 | EV87: 7.811576 | EW87: 7.835668 | EX87: 7.831731 | EY87: 7.85357 | EZ87: 7.791515 | FA87: 7.793396 | FB87: 7.776141 | FC87: 7.894815 | FD87: 0.3799 | FE87: 0.1053 | FF87: 0.0811 | FG87: 0.055 | FH87: 0.0005 | FI87: -0.0655 | FJ87: 0.0178 | FK87: 0.0748 | FL87: 0.0716 | FM87: 0.0722 | FN87: 0.018 | FO87: -0.0109 | FP87: -0.1454 | FQ87: -0.2746 | FR87: 0.0244 | FS87: -0.0243 | FT87: 0.1496 | FU87: 0.0567 | FV87: 0.017 | FW87: 0.0506 | FX87: 0.0014 | FY87: 0.028 | FZ87: 0.0119 | GA87: 0.0023 | GB87: 0.0064 | GC87: 0.0515 | GD87: 0.0047 | GE87: -0.0372 | GF87: -0.0101 | GG87: -0.0576 | GH87: -0.0326 | GI87: -0.0929 | GJ87: 0.3941 | GK87: 0.077 | GL87: 0.0632 | GM87: 0.0467 | GN87: -0.0047 | GO87: -0.0661 | GP87: 0.0219 | GQ87: 0.0823 | GR87: 0.0695 | GS87: 0.0598 | GT87: 0.0022 | GU87: -0.0164 | GV87: -0.1659 | GW87: -0.2847 | GX87: -0.0008 | GY87: -0.039 | GZ87: 0.1094 | HA87: 0.0318 | HB87: 0.0374 | HC87: -0.015 | HD87: 0.007 | HE87: -0.0137 | HF87: -0.0267 | HG87: 0.0055 | HH87: 0.0884 | HI87: 0.045 | HJ87: -0.0347 | HK87: 0.0349 | HL87: -0.0504 | HM87: 0.017 | HN87: -0.0811 | HO87: -0.0246 | HP87: -0.0097 | HQ87: -0.0529 | HR87: -0.0415 | HS87: 0.0629 | HT87: 0.046 | HU87: 0.0813 | HV87: 0.0371 | HW87: 0.0449 | HX87: 0.0484 | HY87: 0.0652 | HZ87: 0.0722 | IA87: 0.0103 | IB87: 0.0035 | IC87: 0.0013 | ID87: 0.013 | IE87: 0.0273 | IF87: 0.079199 | IG87: 0.065154 | IH87: 0.012168 | II87: 0.047239 | IJ87: 0.163733 | IK87: 0.088371 | IL87: 0.037166 | IM87: 0.060895 | SM87: ='GRR Data'!A83 -> 0
A88: 9 | B88: 0F49RV626093WK | C88: 691.1 | D88: 0.1779 | E88: 0.2106 | F88: 0.2606 | G88: 0.1823 | H88: 0.1508 | I88: 0.1322 | J88: 0.1591 | K88: 0.171 | L88: 0.1308 | M88: 0.1555 | N88: 0.1029 | O88: 0.1113 | P88: 0.1432 | Q88: 0.1164 | R88: 0.1391 | S88: 0.2421 | T88: 0.2019 | U88: 0.2038 | V88: 0.2427 | W88: 0.12485 | X88: 0.11196 | Y88: 0.12576 | Z88: 0.08602 | AA88: 0.11082 | AB88: 0.12405 | AC88: 0.07513 | AD88: 0.14486 | AE88: 0.08976 | AF88: 0.14411 | AG88: 0.16388 | AH88: 0.15411 | AI88: 0.10305 | AJ88: 0.12981 | AK88: 0.07708 | AL88: 0.12047 | AM88: 0.10983 | AN88: 274.4666 | AO88: 274.4786 | AP88: 274.4821 | AQ88: 189.9218 | AR88: 189.9429 | AS88: 189.936 | AT88: 0.533886 | AU88: -0.141245 | AV88: 0.031555 | AW88: 0.148964 | AX88: 0.077589 | AY88: -0.154176 | AZ88: -0.072899 | BA88: 0.232167 | BB88: 0.324728 | BC88: 0.173855 | BD88: -0.087808 | BE88: -0.146574 | BF88: -0.097881 | BG88: -0.043086 | BH88: -0.067032 | BI88: -0.178159 | BJ88: 0.3421 | BK88: -0.0658 | BL88: 0.1579 | BM88: -0.1427 | BN88: -0.1656 | BO88: -0.1662 | BP88: -0.1562 | BQ88: 0.0994 | BR88: -0.0407 | BS88: -0.0285 | BT88: 0.1053 | BU88: 0.0244 | BV88: 0.0304 | BW88: 0.0917 | BX88: 0.163 | BY88: 0.1633 | BZ88: 0.1717 | CA88: 0.1002 | CB88: 0.1076 | CC88: 0.094 | CD88: 0.1825 | CE88: 0.144 | CF88: 0.1527 | CG88: 0.0903 | CH88: 0.0988 | CI88: 0.0719 | CJ88: 0.6022 | CK88: 0.47 | CL88: 0.4494 | CM88: 0.4454 | CN88: =ABS(CJ88-CK88) -> 0.1322 | CO88: =ABS(CL88-CM88) -> 0.004 | CP88: =ABS(AVEDEV(CJ88:CK88)-AVEDEV(CL88:CM88)) -> 0.0641 | CQ88: =ABS(CR88)*2 -> 0.2794 | CR88: -0.1397 | CS88: =ABS(CT88)*2 -> 0.1084 | CT88: -0.0542 | CU88: =ABS(CV88)*2 -> 0.3198 | CV88: -0.1599 | CW88: =ABS(CX88)*2 -> 0.0992 | CX88: -0.0496 | CY88: 0.1687 | CZ88: 0.0843 | DA88: 0.0567 | DB88: 0.1786 | DC88: 0.1221 | DD88: 0.1569 | DE88: 0.0355 | DF88: -0.0009 | DG88: 0.0548 | DH88: 0.062 | DI88: 0.0423 | DJ88: 0.1933 | DK88: 0.1933 | DL88: 0.181 | DM88: 0.1871 | DN88: 0.2301 | DO88: 0.0955 | DP88: 0.1103 | DQ88: 0.1005 | DR88: 0.1188 | DS88: 0.0935 | DT88: 0.1214 | DU88: 0.1044 | DV88: 0.082 | DW88: 0.0904 | DX88: =ABS(DE88-DF88) -> 0.0364 | DY88: =ABS(DF88-DG88) -> 0.0557 | DZ88: =ABS(DG88-DH88) -> 0.0072 | EA88: =ABS(DH88-DI88) -> 0.0197 | EB88: 0.2948 | EC88: 0.2764 | ED88: 0.2211 | EE88: 0.2168 | EF88: 0.2475 | EG88: 0.2319 | EH88: 0.2164 | EI88: 0.2167 | EJ88: 0.2889 | EK88: =ABS(DJ88-DN88) -> 0.0368 | EL88: 7.849921 | EM88: 7.856289 | EN88: 7.808673 | EO88: 7.848602 | EP88: 7.815605 | EQ88: 7.812232 | ER88: 7.794047 | ES88: 7.803046 | ET88: 7.836045 | EU88: 7.862099 | EV88: 7.822267 | EW88: 7.803608 | EX88: 7.877006 | EY88: 7.871005 | EZ88: 7.820197 | FA88: 7.797232 | FB88: 7.804925 | FC88: 7.84991 | FD88: 0.3541 | FE88: 0.0668 | FF88: 0.059 | FG88: 0.0445 | FH88: 0.0239 | FI88: -0.0595 | FJ88: 0.0013 | FK88: 0.0575 | FL88: 0.0685 | FM88: 0.1008 | FN88: -0.0064 | FO88: -0.0245 | FP88: -0.1339 | FQ88: -0.2533 | FR88: 0.0338 | FS88: 0.0216 | FT88: 0.0828 | FU88: 0.0072 | FV88: -0.0169 | FW88: -0.0359 | FX88: 0.0326 | FY88: 0.0355 | FZ88: 0.0098 | GA88: -0.0189 | GB88: 0.0041 | GC88: 0.0019 | GD88: 0.0058 | GE88: 0.008 | GF88: -0.0311 | GG88: -0.0472 | GH88: 0.0334 | GI88: 0.0117 | GJ88: 0.3377 | GK88: 0.0362 | GL88: 0.0549 | GM88: 0.0646 | GN88: 0.0406 | GO88: -0.0477 | GP88: 0.008 | GQ88: 0.0605 | GR88: 0.0472 | GS88: 0.053 | GT88: -0.0504 | GU88: -0.0421 | GV88: -0.1729 | GW88: -0.2658 | GX88: -0.0002 | GY88: 0.0141 | GZ88: 0.0423 | HA88: -0.015 | HB88: -0.0585 | HC88: 0.0133 | HD88: 0.0213 | HE88: 0.0006 | HF88: -0.0243 | HG88: 0.0233 | HH88: 0.0543 | HI88: 0.0545 | HJ88: 0.0235 | HK88: 0.0125 | HL88: -0.0368 | HM88: 0.0719 | HN88: 0.017 | HO88: -0.1132 | HP88: -0.0872 | HQ88: -0.1139 | HR88: -0.1053 | HS88: 0.1014 | HT88: 0.0724 | HU88: 0.0915 | HV88: 0.0459 | HW88: 0.0407 | HX88: 0.0372 | HY88: 0.1576 | HZ88: 0.0537 | IA88: -0.0624 | IB88: -0.0756 | IC88: -0.0746 | ID88: -0.0611 | IE88: -0.0264 | IF88: 0.021642 | IG88: 0.026844 | IH88: 0.004896 | II88: 0.03981 | IJ88: 0.022028 | IK88: 0.019995 | IL88: 0.013888 | IM88: 0.073549 | SM88: ='GRR Data'!A84 -> 0
A89: 10 | B89: 0F49RV726093WK | C89: 690.2 | D89: 0.209 | E89: 0.2269 | F89: 0.2729 | G89: 0.172 | H89: 0.1886 | I89: 0.0997 | J89: 0.1257 | K89: 0.1731 | L89: 0.1577 | M89: 0.1468 | N89: 0.1385 | O89: 0.0961 | P89: 0.1397 | Q89: 0.0989 | R89: 0.1202 | S89: 0.1801 | T89: 0.203 | U89: 0.1996 | V89: 0.2426 | W89: 0.10801 | X89: 0.09735 | Y89: 0.10539 | Z89: 0.08536 | AA89: 0.10968 | AB89: 0.10507 | AC89: 0.05094 | AD89: 0.13078 | AE89: 0.07203 | AF89: 0.10649 | AG89: 0.1234 | AH89: 0.12465 | AI89: 0.08695 | AJ89: 0.10167 | AK89: 0.03222 | AL89: 0.10542 | AM89: 0.10649 | AN89: 274.4726 | AO89: 274.483 | AP89: 274.4816 | AQ89: 189.9241 | AR89: 189.9495 | AS89: 189.9335 | AT89: 0.616236 | AU89: -0.16395 | AV89: 0.061285 | AW89: 0.174225 | AX89: 0.070634 | AY89: -0.135974 | AZ89: -0.021534 | BA89: 0.297744 | BB89: 0.380806 | BC89: 0.198877 | BD89: -0.121218 | BE89: -0.232123 | BF89: -0.136525 | BG89: -0.037552 | BH89: -0.075152 | BI89: -0.259545 | BJ89: 0.2977 | BK89: -0.0591 | BL89: 0.1366 | BM89: -0.1409 | BN89: -0.1575 | BO89: -0.1557 | BP89: -0.1546 | BQ89: 0.183 | BR89: -0.052 | BS89: -0.0753 | BT89: 0.1255 | BU89: 0.0054 | BV89: 0.0231 | BW89: 0.156 | BX89: 0.0837 | BY89: 0.1562 | BZ89: 0.1437 | CA89: 0.1901 | CB89: 0.1077 | CC89: 0.0992 | CD89: 0.191 | CE89: 0.153 | CF89: 0.1449 | CG89: 0.0638 | CH89: 0.126 | CI89: 0.0992 | CJ89: 0.425 | CK89: 0.4854 | CL89: 0.4566 | CM89: 0.4358 | CN89: =ABS(CJ89-CK89) -> 0.0604 | CO89: =ABS(CL89-CM89) -> 0.0208 | CP89: =ABS(AVEDEV(CJ89:CK89)-AVEDEV(CL89:CM89)) -> 0.0198 | CQ89: =ABS(CR89)*2 -> 0.1436 | CR89: -0.0718 | CS89: =ABS(CT89)*2 -> 0.011 | CT89: 0.0055 | CU89: =ABS(CV89)*2 -> 0.206 | CV89: -0.103 | CW89: =ABS(CX89)*2 -> 0.1226 | CX89: -0.0613 | CY89: 0.1269 | CZ89: 0.0839 | DA89: 0.0676 | DB89: 0.1989 | DC89: 0.132 | DD89: 0.126 | DE89: 0.0353 | DF89: 0.0353 | DG89: 0.034 | DH89: 0.0855 | DI89: 0.0279 | DJ89: 0.1504 | DK89: 0.1443 | DL89: 0.1504 | DM89: 0.1508 | DN89: 0.1508 | DO89: 0.0862 | DP89: 0.151 | DQ89: 0.141 | DR89: 0.149 | DS89: 0.114 | DT89: 0.121 | DU89: 0.1346 | DV89: 0.1319 | DW89: 0.101 | DX89: =ABS(DE89-DF89) -> 0 | DY89: =ABS(DF89-DG89) -> 0.0013 | DZ89: =ABS(DG89-DH89) -> 0.0515 | EA89: =ABS(DH89-DI89) -> 0.0576 | EB89: 0.3136 | EC89: 0.307 | ED89: 0.2769 | EE89: 0.2413 | EF89: 0.2597 | EG89: 0.2314 | EH89: 0.2287 | EI89: 0.2233 | EJ89: 0.2089 | EK89: =ABS(DJ89-DN89) -> 0.0004 | EL89: 7.821523 | EM89: 7.857601 | EN89: 7.81523 | EO89: 7.84063 | EP89: 7.801919 | EQ89: 7.810633 | ER89: 7.794325 | ES89: 7.805295 | ET89: 7.818044 | EU89: 7.869038 | EV89: 7.743519 | EW89: 7.73977 | EX89: 7.835475 | EY89: 7.833132 | EZ89: 7.813164 | FA89: 7.69674 | FB89: 7.783452 | FC89: 7.904003 | FD89: 0.4831 | FE89: 0.1193 | FF89: 0.1093 | FG89: 0.1062 | FH89: 0.0074 | FI89: -0.0833 | FJ89: 0.0045 | FK89: 0.0623 | FL89: 0.0964 | FM89: 0.1703 | FN89: -0.0062 | FO89: -0.044 | FP89: -0.1874 | FQ89: -0.3128 | FR89: -0.009 | FS89: -0.033 | FT89: 0.2298 | FU89: 0.1057 | FV89: 0 | FW89: -0.0255 | FX89: 0 | FY89: -0.0329 | FZ89: 0.0234 | GA89: 0.0259 | GB89: 0.0313 | GC89: 0.0464 | GD89: -0.0611 | GE89: 0.0247 | GF89: -0.1241 | GG89: -0.0462 | GH89: 0.0266 | GI89: 0.0058 | GJ89: 0.5208 | GK89: 0.0703 | GL89: 0.1289 | GM89: 0.1888 | GN89: 0.0743 | GO89: -0.0397 | GP89: 0.0246 | GQ89: 0.0652 | GR89: 0.0363 | GS89: 0.0415 | GT89: -0.1176 | GU89: -0.0869 | GV89: -0.2753 | GW89: -0.3321 | GX89: -0.0737 | GY89: -0.0291 | GZ89: 0.1089 | HA89: -0.0197 | HB89: -0.0623 | HC89: -0.0211 | HD89: -0.0305 | HE89: 0.0491 | HF89: 0.0688 | HG89: 0.0913 | HH89: 0.1293 | HI89: 0.0046 | HJ89: 0.0674 | HK89: -0.0818 | HL89: -0.0268 | HM89: 0.0455 | HN89: 0.0018 | HO89: -0.0836 | HP89: -0.0567 | HQ89: -0.1069 | HR89: -0.0951 | HS89: 0.0742 | HT89: 0.0635 | HU89: 0.0992 | HV89: 0.0636 | HW89: 0.0527 | HX89: 0.0269 | HY89: 0.0808 | HZ89: 0.0285 | IA89: -0.0519 | IB89: -0.0533 | IC89: -0.0463 | ID89: -0.032 | IE89: -0.0138 | IF89: 0.057165 | IG89: 0.091674 | IH89: 0.004385 | II89: 0.026146 | IJ89: 0.026123 | IK89: 0.074683 | IL89: 0.009515 | IM89: 0.091642 | SM89: ='GRR Data'!A85 -> 0
A90: 11 | B90: 0F49RV326093WK | C90: 688.3 | D90: 0.187 | E90: 0.2152 | F90: 0.2743 | G90: 0.1679 | H90: 0.1905 | I90: 0.1744 | J90: 0.1706 | K90: 0.1494 | L90: 0.1762 | M90: 0.1552 | N90: 0.1452 | O90: 0.1491 | P90: 0.1821 | Q90: 0.1483 | R90: 0.163 | S90: 0.1783 | T90: 0.2401 | U90: 0.2044 | V90: 0.2068 | W90: 0.13048 | X90: 0.10386 | Y90: 0.10982 | Z90: 0.08409 | AA90: 0.10081 | AB90: 0.09722 | AC90: 0.03646 | AD90: 0.10606 | AE90: 0.05656 | AF90: 0.10124 | AG90: 0.11655 | AH90: 0.11572 | AI90: 0.08104 | AJ90: 0.12235 | AK90: 0.06246 | AL90: 0.10254 | AM90: 0.09459 | AN90: 274.4739 | AO90: 274.4913 | AP90: 274.4906 | AQ90: 189.926 | AR90: 189.9468 | AS90: 189.9394 | AT90: 0.515383 | AU90: -0.145671 | AV90: 0.071084 | AW90: 0.152865 | AX90: 0.056828 | AY90: -0.147855 | AZ90: -0.062524 | BA90: 0.218648 | BB90: 0.311404 | BC90: 0.179944 | BD90: -0.076181 | BE90: -0.147952 | BF90: -0.083612 | BG90: -0.036794 | BH90: -0.09543 | BI90: -0.194754 | BJ90: 0.4294 | BK90: -0.0797 | BL90: 0.1994 | BM90: -0.1418 | BN90: -0.1625 | BO90: -0.1533 | BP90: -0.1426 | BQ90: 0.1272 | BR90: -0.004 | BS90: -0.0634 | BT90: 0.0824 | BU90: 0.0109 | BV90: 0.059 | BW90: 0.1591 | BX90: 0.1366 | BY90: 0.1684 | BZ90: 0.1568 | CA90: 0.1264 | CB90: 0.0803 | CC90: 0.0629 | CD90: 0.1844 | CE90: 0.1799 | CF90: 0.1522 | CG90: 0.0638 | CH90: 0.1078 | CI90: 0.0814 | CJ90: 0.5338 | CK90: 0.5135 | CL90: 0.4992 | CM90: 0.482 | CN90: =ABS(CJ90-CK90) -> 0.0203 | CO90: =ABS(CL90-CM90) -> 0.0172 | CP90: =ABS(AVEDEV(CJ90:CK90)-AVEDEV(CL90:CM90)) -> 0.00155 | CQ90: =ABS(CR90)*2 -> 0.1762 | CR90: -0.0881 | CS90: =ABS(CT90)*2 -> 0.0706 | CT90: 0.0353 | CU90: =ABS(CV90)*2 -> 0.136 | CV90: -0.068 | CW90: =ABS(CX90)*2 -> 0.0188 | CX90: 0.0094 | CY90: 0.076 | CZ90: 0.0427 | DA90: 0.0876 | DB90: 0.0861 | DC90: 0.091 | DD90: 0.0648 | DE90: 0.0597 | DF90: 0.0426 | DG90: 0.0029 | DH90: 0.0708 | DI90: 0.0369 | DJ90: 0.1504 | DK90: 0.1504 | DL90: 0.1324 | DM90: 0.1385 | DN90: 0.1386 | DO90: 0.0855 | DP90: 0.0692 | DQ90: 0.0792 | DR90: 0.0775 | DS90: 0.1035 | DT90: 0.0907 | DU90: 0.0728 | DV90: 0.0712 | DW90: 0.0997 | DX90: =ABS(DE90-DF90) -> 0.0171 | DY90: =ABS(DF90-DG90) -> 0.0397 | DZ90: =ABS(DG90-DH90) -> 0.0679 | EA90: =ABS(DH90-DI90) -> 0.0339 | EB90: 0.3372 | EC90: 0.3499 | ED90: 0.3001 | EE90: 0.2842 | EF90: 0.2968 | EG90: 0.2869 | EH90: 0.296 | EI90: 0.2845 | EJ90: 0.2091 | EK90: =ABS(DJ90-DN90) -> 0.0118 | EL90: 7.856022 | EM90: 7.86351 | EN90: 7.805767 | EO90: 7.880941 | EP90: 7.81364 | EQ90: 7.826295 | ER90: 7.784673 | ES90: 7.793956 | ET90: 7.816921 | EU90: 7.888718 | EV90: 7.8248 | EW90: 7.806794 | EX90: 7.840446 | EY90: 7.808483 | EZ90: 7.800795 | FA90: 7.774458 | FB90: 7.777269 | FC90: 7.852171 | FD90: 0.372 | FE90: 0.0825 | FF90: 0.0691 | FG90: 0.0478 | FH90: 0.01 | FI90: -0.0551 | FJ90: 0.0321 | FK90: 0.0498 | FL90: 0.058 | FM90: 0.1007 | FN90: 0.0047 | FO90: -0.0171 | FP90: -0.1497 | FQ90: -0.2712 | FR90: 0.0382 | FS90: 0.0002 | FT90: 0.1689 | FU90: 0.0648 | FV90: 0.0207 | FW90: 0.0145 | FX90: 0.0039 | FY90: -0.0176 | FZ90: 0.0478 | GA90: -0.001 | GB90: -0.0006 | GC90: 0.0011 | GD90: 0.0396 | GE90: 0.0417 | GF90: -0.0678 | GG90: -0.1041 | GH90: -0.0021 | GI90: -0.0408 | GJ90: 0.3788 | GK90: 0.0611 | GL90: 0.0773 | GM90: 0.0831 | GN90: 0.0369 | GO90: -0.0408 | GP90: 0.0338 | GQ90: 0.0423 | GR90: 0.0233 | GS90: 0.0365 | GT90: -0.0502 | GU90: -0.0425 | GV90: -0.1921 | GW90: -0.284 | GX90: 0.0084 | GY90: 0 | GZ90: 0.0864 | HA90: 0.0105 | HB90: -0.0192 | HC90: -0.0214 | HD90: -0.0302 | HE90: 0.0477 | HF90: 0.0082 | HG90: 0.0322 | HH90: 0.0656 | HI90: 0.0948 | HJ90: 0.0652 | HK90: -0.0251 | HL90: -0.0931 | HM90: 0.028 | HN90: -0.0425 | HO90: -0.0953 | HP90: -0.0911 | HQ90: -0.119 | HR90: -0.0582 | HS90: 0.0879 | HT90: 0.0456 | HU90: 0.0828 | HV90: 0.0402 | HW90: 0.0449 | HX90: 0.0654 | HY90: 0.0808 | HZ90: 0.0722 | IA90: -0.0619 | IB90: -0.0721 | IC90: -0.0726 | ID90: -0.0595 | IE90: -0.0323 | IF90: 0.025345 | IG90: 0.047435 | IH90: 0.006997 | II90: 0.038459 | IJ90: 0.024548 | IK90: 0.042871 | IL90: 0.008246 | IM90: 0.081889 | SM90: ='GRR Data'!A86 -> 0
A91: 12 | B91: 0F49RV426093WK | C91: 688.5 | D91: 0.1361 | E91: 0.1658 | F91: 0.2262 | G91: 0.1329 | H91: 0.0991 | I91: 0.1095 | J91: 0.1001 | K91: 0.1229 | L91: 0.1266 | M91: 0.1345 | N91: 0.1169 | O91: 0.1153 | P91: 0.1473 | Q91: 0.1145 | R91: 0.1471 | S91: 0.1617 | T91: 0.1903 | U91: 0.1803 | V91: 0.1905 | W91: 0.10058 | X91: 0.09974 | Y91: 0.11304 | Z91: 0.10325 | AA91: 0.11725 | AB91: 0.12625 | AC91: 0.08386 | AD91: 0.13017 | AE91: 0.10276 | AF91: 0.12886 | AG91: 0.15894 | AH91: 0.13631 | AI91: 0.09148 | AJ91: 0.13312 | AK91: 0.09224 | AL91: 0.14845 | AM91: 0.14499 | AN91: 274.4994 | AO91: 274.5058 | AP91: 274.5028 | AQ91: 189.9132 | AR91: 189.9268 | AS91: 189.9229 | AT91: 0.409038 | AU91: -0.135858 | AV91: -0.010979 | AW91: 0.089545 | AX91: 0.013937 | AY91: -0.150828 | AZ91: -0.060198 | BA91: 0.175807 | BB91: 0.248039 | BC91: 0.100741 | BD91: -0.096315 | BE91: -0.059398 | BF91: -0.039409 | BG91: -0.010031 | BH91: -0.009712 | BI91: -0.055339 | BJ91: 0.4163 | BK91: -0.0693 | BL91: 0.1962 | BM91: -0.1261 | BN91: -0.0598 | BO91: -0.144 | BP91: -0.1455 | BQ91: 0.2382 | BR91: 0.0129 | BS91: -0.1184 | BT91: 0.0754 | BU91: 0.0025 | BV91: 0.0641 | BW91: 0.1892 | BX91: 0.1447 | BY91: 0.178 | BZ91: 0.155 | CA91: 0.1087 | CB91: 0.1198 | CC91: 0.1082 | CD91: 0.1869 | CE91: 0.1437 | CF91: 0.1617 | CG91: 0.0903 | CH91: 0.1172 | CI91: 0.0988 | CJ91: 0.5341 | CK91: 0.4932 | CL91: 0.5326 | CM91: 0.5273 | CN91: =ABS(CJ91-CK91) -> 0.0409 | CO91: =ABS(CL91-CM91) -> 0.0053 | CP91: =ABS(AVEDEV(CJ91:CK91)-AVEDEV(CL91:CM91)) -> 0.0178 | CQ91: =ABS(CR91)*2 -> 0.0104 | CR91: -0.0052 | CS91: =ABS(CT91)*2 -> 0.0174 | CT91: -0.0087 | CU91: =ABS(CV91)*2 -> 0.055 | CV91: -0.0275 | CW91: =ABS(CX91)*2 -> 0.008 | CX91: -0.004 | CY91: 0.1066 | CZ91: 0.1245 | DA91: 0.0667 | DB91: 0.0253 | DC91: 0.0613 | DD91: 0.0538 | DE91: 0.055 | DF91: 0.0341 | DG91: 0.0181 | DH91: 0.04 | DI91: 0.0309 | DJ91: 0.1688 | DK91: 0.1627 | DL91: 0.1933 | DM91: 0.1933 | DN91: 0.1929 | DO91: 0.1163 | DP91: 0.1104 | DQ91: 0.0799 | DR91: 0.0671 | DS91: 0.0728 | DT91: 0.0807 | DU91: 0.1445 | DV91: 0.1425 | DW91: 0.0902 | DX91: =ABS(DE91-DF91) -> 0.0209 | DY91: =ABS(DF91-DG91) -> 0.016 | DZ91: =ABS(DG91-DH91) -> 0.0219 | EA91: =ABS(DH91-DI91) -> 0.0091 | EB91: 0.3014 | EC91: 0.3128 | ED91: 0.2278 | EE91: 0.2722 | EF91: 0.2788 | EG91: 0.2562 | EH91: 0.2649 | EI91: 0.248 | EJ91: 0.2643 | EK91: =ABS(DJ91-DN91) -> 0.0241 | EL91: 7.872614 | EM91: 7.871196 | EN91: 7.818052 | EO91: 7.832198 | EP91: 7.807169 | EQ91: 7.801547 | ER91: 7.794711 | ES91: 7.816917 | ET91: 7.835955 | EU91: 7.895572 | EV91: 7.819644 | EW91: 7.782048 | EX91: 7.8622 | EY91: 7.902224 | EZ91: 7.826014 | FA91: 7.764339 | FB91: 7.794239 | FC91: 7.872132 | FD91: 0.2595 | FE91: 0.0534 | FF91: 0.0382 | FG91: 0.0085 | FH91: 0.0109 | FI91: -0.0242 | FJ91: 0.0334 | FK91: 0.0373 | FL91: 0.0431 | FM91: 0.0353 | FN91: 0.0001 | FO91: -0.0038 | FP91: -0.0785 | FQ91: -0.2061 | FR91: 0.0497 | FS91: 0.0026 | FT91: 0.1654 | FU91: -0.0306 | FV91: -0.0385 | FW91: -0.0534 | FX91: 0.0201 | FY91: 0.0676 | FZ91: 0.0373 | GA91: -0.0978 | GB91: -0.0618 | GC91: -0.0327 | GD91: 0.0479 | GE91: 0.0616 | GF91: 0.02 | GG91: 0.0629 | GH91: -0.0236 | GI91: 0.0212 | GJ91: 0.3535 | GK91: 0.0422 | GL91: 0.0165 | GM91: -0.0228 | GN91: -0.0175 | GO91: -0.0484 | GP91: 0.0135 | GQ91: 0.0204 | GR91: 0.0359 | GS91: 0.0386 | GT91: 0.0003 | GU91: -0.0141 | GV91: -0.0826 | GW91: -0.2207 | GX91: 0.0414 | GY91: -0.0162 | GZ91: 0.0657 | HA91: -0.0241 | HB91: -0.1 | HC91: -0.0293 | HD91: 0.0138 | HE91: -0.0206 | HF91: -0.1587 | HG91: -0.0619 | HH91: 0.0492 | HI91: 0.1328 | HJ91: 0.0646 | HK91: 0.1092 | HL91: 0.0701 | HM91: 0.0699 | HN91: 0.0327 | HO91: -0.0623 | HP91: -0.0621 | HQ91: -0.0882 | HR91: -0.073 | HS91: 0.0935 | HT91: 0.0544 | HU91: 0.0719 | HV91: 0.0484 | HW91: 0.0359 | HX91: 0.0403 | HY91: 0.0813 | HZ91: 0.0638 | IA91: -0.0354 | IB91: -0.0396 | IC91: -0.0461 | ID91: -0.0306 | IE91: -0.0159 | IF91: 0.036226 | IG91: 0.059768 | IH91: 0.007348 | II91: 0.2178 | IJ91: 0.04801 | IK91: 0.034031 | IL91: 0.017231 | IM91: 0.208653 | SM91: ='GRR Data'!A87 -> 0
... A111: 32 | B111: 0F49RT826093WK | C111: 692.9 | D111: 0.2004 | E111: 0.2276 | F111: 0.2109 | G111: 0.1606 | H111: 0.1256 | I111: 0.187 | J111: 0.1814 | K111: 0.1706 | L111: 0.1315 | M111: 0.1262 | N111: 0.1169 | O111: 0.1465 | P111: 0.1691 | Q111: 0.1509 | R111: 0.1636 | S111: 0.1696 | T111: 0.2049 | U111: 0.1405 | V111: 0.1592 | W111: 0.13097 | X111: 0.11947 | Y111: 0.13627 | Z111: 0.0945 | AA111: 0.13042 | AB111: 0.13795 | AC111: 0.07919 | AD111: 0.1262 | AE111: 0.09259 | AF111: 0.12866 | AG111: 0.16439 | AH111: 0.1523 | AI111: 0.11503 | AJ111: 0.13651 | AK111: 0.0992 | AL111: 0.14163 | AM111: 0.12309 | AN111: 274.4775 | AO111: 274.4828 | AP111: 274.4802 | AQ111: 189.9115 | AR111: 189.9258 | AS111: 189.9181 | AT111: 0.45338 | AU111: -0.145075 | AV111: 0.003376 | AW111: 0.128456 | AX111: 0.0805 | AY111: -0.093502 | AZ111: -0.011358 | BA111: 0.201544 | BB111: 0.273592 | BC111: 0.10483 | BD111: -0.099488 | BE111: -0.169385 | BF111: -0.106703 | BG111: -0.031864 | BH111: -0.042421 | BI111: -0.092503 | BJ111: 0.4274 | BK111: 0.0244 | BL111: 0.2123 | BM111: -0.1329 | BN111: -0.1538 | BO111: -0.1316 | BP111: -0.1394 | BQ111: 0.084 | BR111: 0.0275 | BS111: -0.0317 | BT111: 0.0716 | BU111: 0.0243 | BV111: 0.0662 | BW111: 0.1132 | BX111: 0.1272 | BY111: 0.0707 | BZ111: 0.1527 | CA111: 0.0988 | CB111: 0.0938 | CC111: 0.155 | CD111: 0.1117 | CE111: 0.1375 | CF111: 0.1261 | CG111: 0.1808 | CH111: 0.0898 | CI111: 0.0988 | CJ111: 0.532 | CK111: 0.5123 | CL111: 0.5012 | CM111: 0.4647 | CN111: =ABS(CJ111-CK111) -> 0.0197 | CO111: =ABS(CL111-CM111) -> 0.0365 | CP111: =ABS(AVEDEV(CJ111:CK111)-AVEDEV(CL111:CM111)) -> 0.0084 | CQ111: =ABS(CR111)*2 -> 0.039 | CR111: -0.0195 | CS111: =ABS(CT111)*2 -> 0.0266 | CT111: -0.0133 | CU111: =ABS(CV111)*2 -> 0.029 | CV111: -0.0145 | CW111: =ABS(CX111)*2 -> 0.035 | CX111: -0.0175 | CY111: 0.1779 | CZ111: 0.1455 | DA111: 0.0866 | DB111: 0.2194 | DC111: 0.1528 | DD111: 0.1263 | DE111: 0.0786 | DF111: 0.0267 | DG111: 0.0848 | DH111: 0.0493 | DI111: 0.0501 | DJ111: 0.1382 | DK111: 0.1504 | DL111: 0.1626 | DM111: 0.1815 | DN111: 0.1867 | DO111: 0.1668 | DP111: 0.1613 | DQ111: 0.1 | DR111: 0.0876 | DS111: 0.1138 | DT111: 0.1115 | DU111: 0.1348 | DV111: 0.1325 | DW111: 0.1413 | DX111: =ABS(DE111-DF111) -> 0.0519 | DY111: =ABS(DF111-DG111) -> 0.0581 | DZ111: =ABS(DG111-DH111) -> 0.0355 | EA111: =ABS(DH111-DI111) -> 0.0008 | EB111: 0.2822 | EC111: 0.2883 | ED111: 0.2468 | EE111: 0.321 | EF111: 0.29 | EG111: 0.2929 | EH111: 0.2778 | EI111: 0.2785 | EJ111: 0.2581 | EK111: =ABS(DJ111-DN111) -> 0.0485 | EL111: 7.77999 | EM111: 7.81833 | EN111: 7.801079 | EO111: 7.844757 | EP111: 7.830234 | EQ111: 7.813917 | ER111: 7.801833 | ES111: 7.800613 | ET111: 7.837543 | EU111: 7.812423 | EV111: 7.830794 | EW111: 7.813729 | EX111: 7.825449 | EY111: 7.863508 | EZ111: 7.803699 | FA111: 7.78495 | FB111: 7.813167 | FC111: 7.917503 | FD111: 0.2234 | FE111: 0.0319 | FF111: -0.0003 | FG111: -0.0133 | FH111: 0.0457 | FI111: 0.0026 | FJ111: 0.0202 | FK111: 0.0144 | FL111: 0.0238 | FM111: 0.0576 | FN111: -0.0059 | FO111: -0.0268 | FP111: -0.0616 | FQ111: -0.1658 | FR111: 0.0414 | FS111: 0.0361 | FT111: 0.1417 | FU111: -0.0259 | FV111: 0 | FW111: -0.0074 | FX111: 0.0248 | FY111: 0.05 | FZ111: 0.006 | GA111: -0.0918 | GB111: -0.0127 | GC111: 0.0453 | GD111: 0.0155 | GE111: 0.0352 | GF111: -0.0312 | GG111: 0.0072 | GH111: -0.0172 | GI111: 0.0021 | GJ111: 0.2652 | GK111: -0.0282 | GL111: -0.0233 | GM111: -0.0022 | GN111: 0.0599 | GO111: 0.0215 | GP111: 0.0438 | GQ111: 0.0415 | GR111: 0.0168 | GS111: 0.0134 | GT111: -0.0535 | GU111: -0.0372 | GV111: -0.1139 | GW111: -0.1809 | GX111: -0.0156 | GY111: 0.0163 | GZ111: 0.029 | HA111: 0.0211 | HB111: -0.0114 | HC111: 0.0176 | HD111: 0.0381 | HE111: -0.0105 | HF111: -0.1117 | HG111: -0.0075 | HH111: 0.0843 | HI111: 0.0579 | HJ111: 0.0438 | HK111: 0.0159 | HL111: 0.0205 | HM111: 0.0346 | HN111: 0.0201 | HO111: 0.0048 | HP111: 0.0107 | HQ111: -0.0251 | HR111: -0.0272 | HS111: 0.0897 | HT111: 0.1137 | HU111: 0.1004 | HV111: 0.0449 | HW111: 0.0457 | HX111: 0.0606 | HY111: 0.1182 | HZ111: 0.0542 | IA111: 0.0306 | IB111: 0.03 | IC111: 0.0281 | ID111: 0.0421 | IE111: 0.0433 | IF111: 0.100774 | IG111: 0.096508 | IH111: 0.01195 | II111: 0.161222 | IJ111: 0.03318 | IK111: 0.04927 | IL111: 0.011205 | IM111: 0.05718 | SM111: ='GRR Data'!A107 -> 0
A112: 33 | SM112: ='GRR Data'!A108 -> 0
A113: 34 | SM113: ='GRR Data'!A109 -> 0
A114: 35 | SM114: ='GRR Data'!A110 -> 0
A115: 36 | SM115: ='GRR Data'!A111 -> 0
A116: 37 | SM116: ='GRR Data'!A112 -> 0
A117: 38 | SM117: ='GRR Data'!A113 -> 0
A118: 39 | SM118: ='GRR Data'!A114 -> 0
A119: 40 | SM119: ='GRR Data'!A115 -> 0
A120: 41 | SM120: ='GRR Data'!A116 -> 0
A121: 42 | SM121: ='GRR Data'!A117 -> 0
A122: 43 | SM122: ='GRR Data'!A118 -> 0
A123: 44 | SM123: ='GRR Data'!A119 -> 0
... A179: 100 | SM179: ='GRR Data'!A175 -> 0
SM180: ='GRR Data'!A176 -> 0
C181: =C10 -> CTF101 | D181: =D79 -> CTF201 | E181: =E79 -> CTF202 | F181: =F79 -> CTF203 | G181: =G79 -> CTF204 | H181: =H79 -> CTF205 | I181: =I79 -> CTF207 | J181: =J79 -> CTF208 | K181: =K79 -> CTF209 | ... SH181: =SH79 | SM181: ='GRR Data'!A177 -> 0
C182: =((C$18+(3*C$19))-C$11)/((C$15-C$16)/2) -> 0.28773632 | D182: =((D$18+(3*D$19))-D$11)/((D$15-D$16)/2) -> 0.70930335 | E182: =((E$18+(3*E$19))-E$11)/((E$15-E$16)/2) -> 0.98399773 | F182: =((F$18+(3*F$19))-F$11)/((F$15-F$16)/2) -> 1.3291009 | G182: =((G$18+(3*G$19))-G$11)/((G$15-G$16)/2) -> 0.66327603 | H182: =((H$18+(3*H$19))-H$11)/((H$15-H$16)/2) -> 0.9401132 | I182: =((I$18+(3*I$19))-I$11)/((I$15-I$16)/2) -> 0.70301788 | J182: =((J$18+(3*J$19))-J$11)/((J$15-J$16)/2) -> 0.62977967 | ... SH182: =((SH$18+(3*SH$19))-SH$11)/((SH$15-SH$16)/2) -> #DIV/0! | SM182: ='GRR Data'!A178 -> 0
C183: =(C18-C11)/((C15-C16)/2) -> 0.0025297619 | D183: =(D18-D11)/((D15-D16)/2) -> 0.12100446 | E183: =(E18-E11)/((E15-E16)/2) -> 0.38707589 | F183: =(F18-F11)/((F15-F16)/2) -> 0.53292411 | G183: =(G18-G11)/((G15-G16)/2) -> 0.13299107 | H183: =(H18-H11)/((H15-H16)/2) -> 0.10366071 | I183: =(I18-I11)/((I15-I16)/2) -> -0.060625 | J183: =(J18-J11)/((J15-J16)/2) -> -0.02328125 | ... SH183: =(SH18-SH11)/((SH15-SH16)/2) -> #DIV/0! | SM183: ='GRR Data'!A179 -> 0
C184: =((C$18-(3*C$19))-C$11)/((C$15-C$16)/2) -> -0.2826768 | D184: =((D$18-(3*D$19))-D$11)/((D$15-D$16)/2) -> -0.46729442 | E184: =((E$18-(3*E$19))-E$11)/((E$15-E$16)/2) -> -0.20984594 | F184: =((F$18-(3*F$19))-F$11)/((F$15-F$16)/2) -> -0.26325272 | G184: =((G$18-(3*G$19))-G$11)/((G$15-G$16)/2) -> -0.39729389 | H184: =((H$18-(3*H$19))-H$11)/((H$15-H$16)/2) -> -0.73279177 | I184: =((I$18-(3*I$19))-I$11)/((I$15-I$16)/2) -> -0.82426788 | J184: =((J$18-(3*J$19))-J$11)/((J$15-J$16)/2) -> -0.67634217 | ... SH184: =((SH$18-(3*SH$19))-SH$11)/((SH$15-SH$16)/2) -> #DIV/0! | SM184: ='GRR Data'!A180 -> 0
SM185: ='GRR Data'!A181 -> 0
B186: Tolerance Utilization (Units) | C186: =C10 -> CTF101 | D186: =D10 -> CTF201 | E186: =E10 -> CTF202 | F186: =F10 -> CTF203 | G186: =G10 -> CTF204 | H186: =H10 -> CTF205 | I186: =I10 -> CTF207 | J186: =J10 -> CTF208 | ... SH186: =SH10 | SM186: ='GRR Data'!A182 -> 0
B187: USL | C187: =C15 -> 712 | D187: =D15 -> 0.29 | E187: =E15 -> 0.29 | F187: =F15 -> 0.29 | G187: =G15 -> 0.29 | H187: =H15 -> 0.29 | I187: =I15 -> 0.29 | J187: =J15 -> 0.29 | ... SH187: =SH15 -> #VALUE! | SM187: ='GRR Data'!A183 -> 0
B188: LSL | C188: =C16 -> 670 | D188: =D16 -> 0.01 | E188: =E16 -> 0.01 | F188: =F16 -> 0.01 | G188: =G16 -> 0.01 | H188: =H16 -> 0.01 | I188: =I16 -> 0.01 | J188: =J16 -> 0.01 | ... SH188: =SH16 -> #VALUE! | SM188: ='GRR Data'!A184 -> 0
B189: Tolerance | C189: =C187-C188 -> 42 | D189: =D187-D188 -> 0.28 | E189: =E187-E188 -> 0.28 | F189: =F187-F188 -> 0.28 | G189: =G187-G188 -> 0.28 | H189: =H187-H188 -> 0.28 | I189: =I187-I188 -> 0.28 | J189: =J187-J188 -> 0.28 | ... SH189: =SH187-SH188 -> #VALUE! | SM189: ='GRR Data'!A185 -> 0
B190: 50% Tolerance | C190: =C189/2 -> 21 | D190: =D189/2 -> 0.14 | E190: =E189/2 -> 0.14 | F190: =F189/2 -> 0.14 | G190: =G189/2 -> 0.14 | H190: =H189/2 -> 0.14 | I190: =I189/2 -> 0.14 | J190: =J189/2 -> 0.14 | ... SH190: =SH189/2 -> #VALUE! | SM190: ='GRR Data'!A186 -> 0
B191: Nominal | C191: =(C187+C188)/2 -> 691 | D191: =(D187+D188)/2 -> 0.15 | E191: =(E187+E188)/2 -> 0.15 | F191: =(F187+F188)/2 -> 0.15 | G191: =(G187+G188)/2 -> 0.15 | H191: =(H187+H188)/2 -> 0.15 | I191: =(I187+I188)/2 -> 0.15 | J191: =(J187+J188)/2 -> 0.15 | ... SH191: =(SH187+SH188)/2 -> #VALUE! | SM191: ='GRR Data'!A187 -> 0
B192: Mean | C192: =C18 -> 691.05313 | D192: =D18 -> 0.16694063 | E192: =E18 -> 0.20419062 | F192: =F18 -> 0.22460938 | G192: =G18 -> 0.16861875 | H192: =H18 -> 0.1645125 | I192: =I18 -> 0.1415125 | J192: =J18 -> 0.14674063 | ... SH192: =SH18 -> #DIV/0! | SM192: ='GRR Data'!A188 -> 0
B193: Nominal Offset | C193: =C192-C191 -> 0.053125 | D193: =D192-D191 -> 0.016940625 | E193: =E192-E191 -> 0.054190625 | F193: =F192-F191 -> 0.074609375 | G193: =G192-G191 -> 0.01861875 | H193: =H192-H191 -> 0.0145125 | I193: =I192-I191 -> -0.0084875 | J193: =J192-J191 -> -0.003259375 | ... SH193: =SH192-SH191 -> #DIV/0! | SM193: ='GRR Data'!A189 -> 0
B194: SD | C194: =C19 -> 1.9964459 | D194: =D19 -> 0.027453948 | E194: =E19 -> 0.027856352 | F194: =F19 -> 0.037154919 | G194: =G19 -> 0.024746631 | H194: =H19 -> 0.039034449 | I194: =I19 -> 0.035636668 | J194: =J19 -> 0.030476176 | ... SH194: =SH19 | SM194: ='GRR Data'!A190 -> 0
A195: Cpku = 1.00 | B195: Mean + 3σ | C195: =C192+(3*C194) -> 697.04246 | D195: =D192+(3*D194) -> 0.24930247 | E195: =E192+(3*E194) -> 0.28775968 | F195: =F192+(3*F194) -> 0.33607413 | G195: =G192+(3*G194) -> 0.24285864 | H195: =H192+(3*H194) -> 0.28161585 | I195: =I192+(3*I194) -> 0.2484225 | J195: =J192+(3*J194) -> 0.23816915 | ... SH195: =SH192+(3*SH194) -> #DIV/0! | SM195: ='GRR Data'!A191 -> 0
A196: Cpkl = 1.00 | B196: Mean - 3σ | C196: =C192-(3*C194) -> 685.06379 | D196: =D192-(3*D194) -> 0.084578781 | E196: =E192-(3*E194) -> 0.12062157 | F196: =F192-(3*F194) -> 0.11314462 | G196: =G192-(3*G194) -> 0.094378856 | H196: =H192-(3*H194) -> 0.047409152 | I196: =I192-(3*I194) -> 0.034602496 | J196: =J192-(3*J194) -> 0.055312096 | ... SH196: =SH192-(3*SH194) -> #DIV/0! | SM196: ='GRR Data'!A192 -> 0
A197: Cpku = 1.33 | B197: Mean + 4σ | C197: =C192+(4*C194) -> 699.03891 | D197: =D192+(4*D194) -> 0.27675642 | E197: =E192+(4*E194) -> 0.31561603 | F197: =F192+(4*F194) -> 0.37322905 | G197: =G192+(4*G194) -> 0.26760528 | H197: =H192+(4*H194) -> 0.3206503 | I197: =I192+(4*I194) -> 0.28405917 | J197: =J192+(4*J194) -> 0.26864533 | ... SH197: =SH192+(4*SH194) -> #DIV/0! | SM197: ='GRR Data'!A193 -> 0
A198: Cpkl = 1.33 | B198: Mean - 4σ | C198: =C192-(4*C194) -> 683.06734 | D198: =D192-(4*D194) -> 0.057124833 | E198: =E192-(4*E194) -> 0.092765216 | F198: =F192-(4*F194) -> 0.075989701 | G198: =G192-(4*G194) -> 0.069632224 | H198: =H192-(4*H194) -> 0.0083747031 | I198: =I192-(4*I194) -> -0.0010341715 | J198: =J192-(4*J194) -> 0.024835919 | ... SH198: =SH192-(4*SH194) -> #DIV/0! | SM198: ='GRR Data'!A194 -> 0
A199: Cpku = 1.67 | B199: Mean + 5σ | C199: =C192+(5*C194) -> 701.03535 | D199: =D192+(5*D194) -> 0.30421037 | E199: =E192+(5*E194) -> 0.34347239 | F199: =F192+(5*F194) -> 0.41038397 | G199: =G192+(5*G194) -> 0.29235191 | H199: =H192+(5*H194) -> 0.35968475 | I199: =I192+(5*I194) -> 0.31969584 | J199: =J192+(5*J194) -> 0.29912151 | ... SH199: =SH192+(5*SH194) -> #DIV/0! | SM199: ='GRR Data'!A195 -> 0
A200: Cpkl = 1.67 | B200: Mean - 5σ | C200: =C192-(5*C194) -> 681.0709 | D200: =D192-(5*D194) -> 0.029670885 | E200: =E192-(5*E194) -> 0.064908864 | F200: =F192-(5*F194) -> 0.038834782 | G200: =G192-(5*G194) -> 0.044885593 | H200: =H192-(5*H194) -> -0.030659746 | I200: =I192-(5*I194) -> -0.036670839 | J200: =J192-(5*J194) -> -0.0056402571 | ... SH200: =SH192-(5*SH194) -> #DIV/0! | SM200: ='GRR Data'!A196 -> 0
A201: Cpku = 2.00 | B201: Mean + 6σ | C201: =C192+(6*C194) -> 703.0318 | D201: =D192+(6*D194) -> 0.33166431 | E201: =E192+(6*E194) -> 0.37132874 | F201: =F192+(6*F194) -> 0.44753889 | G201: =G192+(6*G194) -> 0.31709854 | H201: =H192+(6*H194) -> 0.3987192 | I201: =I192+(6*I194) -> 0.35533251 | J201: =J192+(6*J194) -> 0.32959768 | ... SH201: =SH192+(6*SH194) -> #DIV/0! | SM201: ='GRR Data'!A197 -> 0
A202: Cpkl = 2.00 | B202: Mean - 6σ | C202: =C192-(6*C194) -> 679.07445 | D202: =D192-(6*D194) -> 0.0022169366 | E202: =E192-(6*E194) -> 0.037052511 | F202: =F192-(6*F194) -> 0.0016798636 | G202: =G192-(6*G194) -> 0.020138962 | H202: =H192-(6*H194) -> -0.069694195 | I202: =I192-(6*I194) -> -0.072307507 | J202: =J192-(6*J194) -> -0.036116433 | ... SH202: =SH192-(6*SH194) -> #DIV/0! | SM202: ='GRR Data'!A198 -> 0
SM203: ='GRR Data'!A199 -> 0
B204: Tolerance Utilization (%) | C204: =C10 -> CTF101 | D204: =D10 -> CTF201 | E204: =E10 -> CTF202 | F204: =F10 -> CTF203 | G204: =G10 -> CTF204 | H204: =H10 -> CTF205 | I204: =I10 -> CTF207 | J204: =J10 -> CTF208 | ... SH204: =SH10 | SM204: ='GRR Data'!A200 -> 0
...

Sheet GRR Data
B1: Data Sheet: To automatically calculate GR&R and use GRR Plots tab, please enter Dimensions, Tolerances, Dimension Label, Feature Type, Gage Information and Measurement Data in Light Blue colored field. Do not enter zeroes ("0") if there is no data (Leave blank if no data). | DD1: Measured Data | DN1: Measured Data | DX1: Measured Data | EH1: Measured Data | ER1: Measured Data | FB1: Measured Data | FL1: Measured Data | FV1: Measured Data | GF1: Measured Data | GP1: Measured Data | GZ1: Measured Data | HJ1: Measured Data | HT1: Measured Data | ID1: Measured Data | IN1: Measured Data | IX1: Measured Data | JH1: Measured Data | JR1: Measured Data | KB1: Measured Data | KL1: Measured Data | KV1: Measured Data | LF1: Measured Data | LP1: Measured Data | LZ1: Measured Data | MJ1: Measured Data | MT1: Measured Data | ND1: Measured Data | NN1: Measured Data | NX1: Measured Data | OH1: Measured Data | OR1: Measured Data | PB1: Measured Data | PL1: Measured Data | PV1: Measured Data | QF1: Measured Data | QP1: Measured Data | QZ1: Measured Data | RJ1: Measured Data | RT1: Measured Data | SD1: Measured Data | SN1: Measured Data | SX1: Measured Data | TH1: Measured Data | TR1: Measured Data | UB1: Measured Data | UL1: Measured Data | UV1: Measured Data | VF1: Measured Data | VP1: Measured Data | VZ1: Measured Data
A2: Supplier Dim ID | B2: Data Set | C2: MS Dim Label | D2: Feature Nominal and Tolerances | J2: Feature Type | K2: Gage/ Model: | L2: Gage Resolution: | M2: Gage Accuracy: | N2: Sample 1 | W2: Sample 2 | AF2: Sample 3 | AO2: Sample 4 | AX2: Sample 5 | BG2: Sample 6 | BP2: Sample 7 | BY2: Sample 8 | CH2: Sample 9 | CQ2: Sample 10 | DB2: Data Set | DD2: GRR 1 | DE2: GRR 2 | DF2: GRR 3 | DG2: GRR 4 | DH2: GRR 5 | DI2: GRR 6 | DJ2: GRR 7 | DK2: GRR 8 | DL2: GRR 9 | DM2: GRR 10 | DN2: GRR 11 | DO2: GRR 12 | DP2: GRR 13 | DQ2: GRR 14 | DR2: GRR 15 | DS2: GRR 16 | DT2: GRR 17 | DU2: GRR 18 | DV2: GRR 19 | DW2: GRR 20 | DX2: GRR 21 | DY2: GRR 22 | DZ2: GRR 23 | EA2: GRR 24 | EB2: GRR 25 | EC2: GRR 26 | ED2: GRR 27 | EE2: GRR 28 | EF2: GRR 29 | EG2: GRR 30 | EH2: GRR 31 | EI2: GRR 32 | EJ2: GRR 33 | EK2: GRR 34 | EL2: GRR 35 | EM2: GRR 36 | EN2: GRR 37 | EO2: GRR 38 | EP2: GRR 39 | EQ2: GRR 40 | ER2: GRR 41 | ES2: GRR 42 | ET2: GRR 43 | EU2: GRR 44 | EV2: GRR 45 | EW2: GRR 46 | EX2: GRR 47 | EY2: GRR 48 | EZ2: GRR 49 | FA2: GRR 50 | FB2: GRR 51 | FC2: GRR 52 | FD2: GRR 53 | FE2: GRR 54 | FF2: GRR 55 | FG2: GRR 56 | FH2: GRR 57 | FI2: GRR 58 | FJ2: GRR 59 | FK2: GRR 60 | FL2: GRR 61 | FM2: GRR 62 | FN2: GRR 63 | FO2: GRR 64 | FP2: GRR 65 | FQ2: GRR 66 | FR2: GRR 67 | FS2: GRR 68 | FT2: GRR 69 | FU2: GRR 70 | FV2: GRR 71 | FW2: GRR 72 | FX2: GRR 73 | FY2: GRR 74 | FZ2: GRR 75 | GA2: GRR 76 | GB2: GRR 77 | GC2: GRR 78 | GD2: GRR 79 | GE2: GRR 80 | GF2: GRR 81 | GG2: GRR 82 | GH2: GRR 83 | GI2: GRR 84 | GJ2: GRR 85 | GK2: GRR 86 | GL2: GRR 87 | GM2: GRR 88 | GN2: GRR 89 | GO2: GRR 90 | GP2: GRR 91 | GQ2: GRR 92 | GR2: GRR 93 | GS2: GRR 94 | GT2: GRR 95 | GU2: GRR 96 | GV2: GRR 97 | GW2: GRR 98 | GX2: GRR 99 | GY2: GRR 100 | GZ2: GRR 101 | HA2: GRR 102 | HB2: GRR 103 | HC2: GRR 104 | HD2: GRR 105 | HE2: GRR 106 | HF2: GRR 107 | HG2: GRR 108 | HH2: GRR 109 | HI2: GRR 110 | HJ2: GRR 111 | HK2: GRR 112 | HL2: GRR 113 | HM2: GRR 114 | HN2: GRR 115 | HO2: GRR 116 | HP2: GRR 117 | HQ2: GRR 118 | HR2: GRR 119 | HS2: GRR 120 | HT2: GRR 121 | HU2: GRR 122 | HV2: GRR 123 | HW2: GRR 124 | HX2: GRR 125 | HY2: GRR 126 | HZ2: GRR 127 | IA2: GRR 128 | IB2: GRR 129 | IC2: GRR 130 | ID2: GRR 131 | IE2: GRR 132 | IF2: GRR 133 | IG2: GRR 134 | IH2: GRR 135 | II2: GRR 136 | IJ2: GRR 137 | IK2: GRR 138 | IL2: GRR 139 | IM2: GRR 140 | IN2: GRR 141 | IO2: GRR 142 | IP2: GRR 143 | IQ2: GRR 144 | IR2: GRR 145 | IS2: GRR 146 | IT2: GRR 147 | IU2: GRR 148 | IV2: GRR 149 | IW2: GRR 150 | IX2: GRR 151 | IY2: GRR 152 | IZ2: GRR 153 | JA2: GRR 154 | JB2: GRR 155 | JC2: GRR 156 | JD2: GRR 157 | JE2: GRR 158 | JF2: GRR 159 | JG2: GRR 160 | JH2: GRR 161 | JI2: GRR 162 | JJ2: GRR 163 | JK2: GRR 164 | JL2: GRR 165 | JM2: GRR 166 | JN2: GRR 167 | JO2: GRR 168 | JP2: GRR 169 | JQ2: GRR 170 | JR2: GRR 171 | JS2: GRR 172 | JT2: GRR 173 | JU2: GRR 174 | JV2: GRR 175 | JW2: GRR 176 | JX2: GRR 177 | JY2: GRR 178 | JZ2: GRR 179 | KA2: GRR 180 | KB2: GRR 181 | KC2: GRR 182 | KD2: GRR 183 | KE2: GRR 184 | KF2: GRR 185 | KG2: GRR 186 | KH2: GRR 187 | KI2: GRR 188 | KJ2: GRR 189 | KK2: GRR 190 | KL2: GRR 191 | KM2: GRR 192 | KN2: GRR 193 | KO2: GRR 194 | KP2: GRR 195 | KQ2: GRR 196 | KR2: GRR 197 | KS2: GRR 198 | KT2: GRR 199 | KU2: GRR 200 | KV2: GRR 201 | KW2: GRR 202 | KX2: GRR 203 | KY2: GRR 204 | KZ2: GRR 205 | LA2: GRR 206 | LB2: GRR 207 | LC2: GRR 208 | LD2: GRR 209 | LE2: GRR 210 | LF2: GRR 211 | LG2: GRR 212 | LH2: GRR 213 | LI2: GRR 214 | LJ2: GRR 215 | LK2: GRR 216 | LL2: GRR 217 | LM2: GRR 218 | LN2: GRR 219 | LO2: GRR 220 | LP2: GRR 221 | LQ2: GRR 222 | LR2: GRR 223 | LS2: GRR 224 | LT2: GRR 225 | LU2: GRR 226 | LV2: GRR 227 | LW2: GRR 228 | LX2: GRR 229 | LY2: GRR 230 | LZ2: GRR 231 | MA2: GRR 232 | MB2: GRR 233 | MC2: GRR 234 | MD2: GRR 235 | ME2: GRR 236 | MF2: GRR 237 | MG2: GRR 238 | MH2: GRR 239 | MI2: GRR 240 | MJ2: GRR 241 | MK2: GRR 242 | ML2: GRR 243 | MM2: GRR 244 | MN2: GRR 245 | MO2: GRR 246 | MP2: GRR 247 | MQ2: GRR 248 | MR2: GRR 249 | MS2: GRR 250 | MT2: GRR 251 | MU2: GRR 252 | MV2: GRR 253 | MW2: GRR 254 | MX2: GRR 255 | MY2: GRR 256 | MZ2: GRR 257 | NA2: GRR 258 | NB2: GRR 259 | NC2: GRR 260 | ND2: GRR 261 | NE2: GRR 262 | NF2: GRR 263 | NG2: GRR 264 | NH2: GRR 265 | NI2: GRR 266 | NJ2: GRR 267 | NK2: GRR 268 | NL2: GRR 269 | NM2: GRR 270 | NN2: GRR 271 | NO2: GRR 272 | NP2: GRR 273 | NQ2: GRR 274 | NR2: GRR 275 | NS2: GRR 276 | NT2: GRR 277 | NU2: GRR 278 | NV2: GRR 279 | NW2: GRR 280 | NX2: GRR 281 | NY2: GRR 282 | NZ2: GRR 283 | OA2: GRR 284 | OB2: GRR 285 | OC2: GRR 286 | OD2: GRR 287 | OE2: GRR 288 | OF2: GRR 289 | OG2: GRR 290 | OH2: GRR 291 | OI2: GRR 292 | OJ2: GRR 293 | OK2: GRR 294 | OL2: GRR 295 | OM2: GRR 296 | ON2: GRR 297 | OO2: GRR 298 | OP2: GRR 299 | OQ2: GRR 300 | OR2: GRR 301 | OS2: GRR 302 | OT2: GRR 303 | OU2: GRR 304 | OV2: GRR 305 | OW2: GRR 306 | OX2: GRR 307 | OY2: GRR 308 | OZ2: GRR 309 | PA2: GRR 310 | PB2: GRR 311 | PC2: GRR 312 | PD2: GRR 313 | PE2: GRR 314 | PF2: GRR 315 | PG2: GRR 316 | PH2: GRR 317 | PI2: GRR 318 | PJ2: GRR 319 | PK2: GRR 320 | PL2: GRR 321 | PM2: GRR 322 | PN2: GRR 323 | PO2: GRR 324 | PP2: GRR 325 | PQ2: GRR 326 | PR2: GRR 327 | PS2: GRR 328 | PT2: GRR 329 | PU2: GRR 330 | PV2: GRR 331 | PW2: GRR 332 | PX2: GRR 333 | PY2: GRR 334 | PZ2: GRR 335 | QA2: GRR 336 | QB2: GRR 337 | QC2: GRR 338 | QD2: GRR 339 | QE2: GRR 340 | QF2: GRR 341 | QG2: GRR 342 | QH2: GRR 343 | QI2: GRR 344 | QJ2: GRR 345 | QK2: GRR 346 | QL2: GRR 347 | QM2: GRR 348 | QN2: GRR 349 | QO2: GRR 350 | QP2: GRR 351 | QQ2: GRR 352 | QR2: GRR 353 | QS2: GRR 354 | QT2: GRR 355 | QU2: GRR 356 | QV2: GRR 357 | QW2: GRR 358 | QX2: GRR 359 | QY2: GRR 360 | QZ2: GRR 361 | RA2: GRR 362 | RB2: GRR 363 | RC2: GRR 364 | RD2: GRR 365 | RE2: GRR 366 | RF2: GRR 367 | RG2: GRR 368 | RH2: GRR 369 | RI2: GRR 370 | RJ2: GRR 371 | RK2: GRR 372 | RL2: GRR 373 | RM2: GRR 374 | RN2: GRR 375 | RO2: GRR 376 | RP2: GRR 377 | RQ2: GRR 378 | RR2: GRR 379 | RS2: GRR 380 | RT2: GRR 381 | RU2: GRR 382 | RV2: GRR 383 | RW2: GRR 384 | RX2: GRR 385 | RY2: GRR 386 | RZ2: GRR 387 | SA2: GRR 388 | SB2: GRR 389 | SC2: GRR 390 | SD2: GRR 391 | SE2: GRR 392 | SF2: GRR 393 | SG2: GRR 394 | SH2: GRR 395 | SI2: GRR 396 | SJ2: GRR 397 | SK2: GRR 398 | SL2: GRR 399 | SM2: GRR 400 | SN2: GRR 401 | SO2: GRR 402 | SP2: GRR 403 | SQ2: GRR 404 | SR2: GRR 405 | SS2: GRR 406 | ST2: GRR 407 | SU2: GRR 408 | SV2: GRR 409 | SW2: GRR 410 | SX2: GRR 411 | SY2: GRR 412 | SZ2: GRR 413 | TA2: GRR 414 | TB2: GRR 415 | TC2: GRR 416 | TD2: GRR 417 | TE2: GRR 418 | TF2: GRR 419 | TG2: GRR 420 | TH2: GRR 421 | TI2: GRR 422 | TJ2: GRR 423 | TK2: GRR 424 | TL2: GRR 425 | TM2: GRR 426 | TN2: GRR 427 | TO2: GRR 428 | TP2: GRR 429 | TQ2: GRR 430 | TR2: GRR 431 | TS2: GRR 432 | TT2: GRR 433 | TU2: GRR 434 | TV2: GRR 435 | TW2: GRR 436 | TX2: GRR 437 | TY2: GRR 438 | TZ2: GRR 439 | UA2: GRR 440 | UB2: GRR 441 | UC2: GRR 442 | UD2: GRR 443 | UE2: GRR 444 | UF2: GRR 445 | UG2: GRR 446 | UH2: GRR 447 | UI2: GRR 448 | UJ2: GRR 449 | UK2: GRR 450 | UL2: GRR 451 | UM2: GRR 452 | UN2: GRR 453 | UO2: GRR 454 | UP2: GRR 455 | UQ2: GRR 456 | UR2: GRR 457 | US2: GRR 458 | UT2: GRR 459 | UU2: GRR 460 | UV2: GRR 461 | UW2: GRR 462 | UX2: GRR 463 | UY2: GRR 464 | UZ2: GRR 465 | VA2: GRR 466 | VB2: GRR 467 | VC2: GRR 468 | VD2: GRR 469 | VE2: GRR 470 | VF2: GRR 471 | VG2: GRR 472 | VH2: GRR 473 | VI2: GRR 474 | VJ2: GRR 475 | VK2: GRR 476 | VL2: GRR 477 | VM2: GRR 478 | VN2: GRR 479 | VO2: GRR 480 | VP2: GRR 481 | VQ2: GRR 482 | VR2: GRR 483 | VS2: GRR 484 | VT2: GRR 485 | VU2: GRR 486 | VV2: GRR 487 | VW2: GRR 488 | VX2: GRR 489 | VY2: GRR 490 | VZ2: GRR 491 | WA2: GRR 492 | WB2: GRR 493 | WC2: GRR 494 | WD2: GRR 495 | WE2: GRR 496 | WF2: GRR 497 | WG2: GRR 498 | WH2: GRR 499 | WI2: GRR 500 | WK2: Feature Type
D3: Nominal | E3: + Tol | F3: - Tol | G3: USL | H3: LSL | I3: Units | N3: Appraiser 1 | Q3: Appraiser 2 | T3: Appraiser 3 | W3: Appraiser 1 | Z3: Appraiser 2 | AC3: Appraiser 3 | AF3: Appraiser 1 | AI3: Appraiser 2 | AL3: Appraiser 3 | AO3: Appraiser 1 | AR3: Appraiser 2 | AU3: Appraiser 3 | AX3: Appraiser 1 | BA3: Appraiser 2 | BD3: Appraiser 3 | BG3: Appraiser 1 | BJ3: Appraiser 2 | BM3: Appraiser 3 | BP3: Appraiser 1 | BS3: Appraiser 2 | BV3: Appraiser 3 | BY3: Appraiser 1 | CB3: Appraiser 2 | CE3: Appraiser 3 | CH3: Appraiser 1 | CK3: Appraiser 2 | CN3: Appraiser 3 | CQ3: Appraiser 1 | CT3: Appraiser 2 | CW3: Appraiser 3 | DB3: Dim Label | DD3: {=TRANSPOSE(IF(C5:CY504="","",C5:CY504))}
N4: Trial 1 | O4: Trial 2 | P4: Trial 3 | Q4: Trial 1 | R4: Trial 2 | S4: Trial 3 | T4: Trial 1 | U4: Trial 2 | V4: Trial 3 | W4: Trial 1 | X4: Trial 2 | Y4: Trial 3 | Z4: Trial 1 | AA4: Trial 2 | AB4: Trial 3 | AC4: Trial 1 | AD4: Trial 2 | AE4: Trial 3 | AF4: Trial 1 | AG4: Trial 2 | AH4: Trial 3 | AI4: Trial 1 | AJ4: Trial 2 | AK4: Trial 3 | AL4: Trial 1 | AM4: Trial 2 | AN4: Trial 3 | AO4: Trial 1 | AP4: Trial 2 | AQ4: Trial 3 | AR4: Trial 1 | AS4: Trial 2 | AT4: Trial 3 | AU4: Trial 1 | AV4: Trial 2 | AW4: Trial 3 | AX4: Trial 1 | AY4: Trial 2 | AZ4: Trial 3 | BA4: Trial 1 | BB4: Trial 2 | BC4: Trial 3 | BD4: Trial 1 | BE4: Trial 2 | BF4: Trial 3 | BG4: Trial 1 | BH4: Trial 2 | BI4: Trial 3 | BJ4: Trial 1 | BK4: Trial 2 | BL4: Trial 3 | BM4: Trial 1 | BN4: Trial 2 | BO4: Trial 3 | BP4: Trial 1 | BQ4: Trial 2 | BR4: Trial 3 | BS4: Trial 1 | BT4: Trial 2 | BU4: Trial 3 | BV4: Trial 1 | BW4: Trial 2 | BX4: Trial 3 | BY4: Trial 1 | BZ4: Trial 2 | CA4: Trial 3 | CB4: Trial 1 | CC4: Trial 2 | CD4: Trial 3 | CE4: Trial 1 | CF4: Trial 2 | CG4: Trial 3 | CH4: Trial 1 | CI4: Trial 2 | CJ4: Trial 3 | CK4: Trial 1 | CL4: Trial 2 | CM4: Trial 3 | CN4: Trial 1 | CO4: Trial 2 | CP4: Trial 3 | CQ4: Trial 1 | CR4: Trial 2 | CS4: Trial 3 | CT4: Trial 1 | CU4: Trial 2 | CV4: Trial 3 | CW4: Trial 1 | CX4: Trial 2 | CY4: Trial 3 | DB4: Nominal | WK4: Angle (X°)
B5: GRR 1 | G5: =IF(OR(D5="",E5=""),"",ROUND((D5+E5),10)) | H5: =IF(OR(D5="",F5=""),"",ROUND((D5-F5),10)) | DB5: + Tol | WK5: Angularity (mm)
B6: GRR 2 | G6: =IF(OR(D6="",E6=""),"",ROUND((D6+E6),10)) | H6: =IF(OR(D6="",F6=""),"",ROUND((D6-F6),10)) | DB6: - Tol | WK6: Circularity
B7: GRR 3 | G7: =IF(OR(D7="",E7=""),"",ROUND((D7+E7),10)) | H7: =IF(OR(D7="",F7=""),"",ROUND((D7-F7),10)) | DB7: USL | WK7: Diameter
B8: GRR 4 | G8: =IF(OR(D8="",E8=""),"",ROUND((D8+E8),10)) | H8: =IF(OR(D8="",F8=""),"",ROUND((D8-F8),10)) | DB8: LSL | WK8: Distance (X or Y)
B9: GRR 5 | G9: =IF(OR(D9="",E9=""),"",ROUND((D9+E9),10)) | H9: =IF(OR(D9="",F9=""),"",ROUND((D9-F9),10)) | DB9: Units | WK9: Flatness
B10: GRR 6 | G10: =IF(OR(D10="",E10=""),"",ROUND((D10+E10),10)) | H10: =IF(OR(D10="",F10=""),"",ROUND((D10-F10),10)) | DB10: Feature Type | WK10: Height/Depth (Z)
B11: GRR 7 | G11: =IF(OR(D11="",E11=""),"",ROUND((D11+E11),10)) | H11: =IF(OR(D11="",F11=""),"",ROUND((D11-F11),10)) | DB11: Gage/Model | WK11: Other
B12: GRR 8 | G12: =IF(OR(D12="",E12=""),"",ROUND((D12+E12),10)) | H12: =IF(OR(D12="",F12=""),"",ROUND((D12-F12),10)) | DB12: Gage Resolution | WK12: Parallelism
B13: GRR 9 | G13: =IF(OR(D13="",E13=""),"",ROUND((D13+E13),10)) | H13: =IF(OR(D13="",F13=""),"",ROUND((D13-F13),10)) | DB13: Gage Accuracy | WK13: Position
B14: GRR 10 | G14: =IF(OR(D14="",E14=""),"",ROUND((D14+E14),10)) | H14: =IF(OR(D14="",F14=""),"",ROUND((D14-F14),10)) | DB14: Part Sample 1 | DC14: App 1 | WK14: Profile
B15: GRR 11 | G15: =IF(OR(D15="",E15=""),"",ROUND((D15+E15),10)) | H15: =IF(OR(D15="",F15=""),"",ROUND((D15-F15),10)) | WK15: Radius
B16: GRR 12 | G16: =IF(OR(D16="",E16=""),"",ROUND((D16+E16),10)) | H16: =IF(OR(D16="",F16=""),"",ROUND((D16-F16),10)) | WK16: Straightness
B17: GRR 13 | G17: =IF(OR(D17="",E17=""),"",ROUND((D17+E17),10)) | H17: =IF(OR(D17="",F17=""),"",ROUND((D17-F17),10)) | DC17: App 2
B18: GRR 14 | G18: =IF(OR(D18="",E18=""),"",ROUND((D18+E18),10)) | H18: =IF(OR(D18="",F18=""),"",ROUND((D18-F18),10))
B19: GRR 15 | G19: =IF(OR(D19="",E19=""),"",ROUND((D19+E19),10)) | H19: =IF(OR(D19="",F19=""),"",ROUND((D19-F19),10))
B20: GRR 16 | G20: =IF(OR(D20="",E20=""),"",ROUND((D20+E20),10)) | H20: =IF(OR(D20="",F20=""),"",ROUND((D20-F20),10)) | DC20: App 3 | WK20: Distribution Width
B21: GRR 17 | G21: =IF(OR(D21="",E21=""),"",ROUND((D21+E21),10)) | H21: =IF(OR(D21="",F21=""),"",ROUND((D21-F21),10)) | WK21: 5.15
B22: GRR 18 | G22: =IF(OR(D22="",E22=""),"",ROUND((D22+E22),10)) | H22: =IF(OR(D22="",F22=""),"",ROUND((D22-F22),10)) | WK22: 6
B23: GRR 19 | G23: =IF(OR(D23="",E23=""),"",ROUND((D23+E23),10)) | H23: =IF(OR(D23="",F23=""),"",ROUND((D23-F23),10)) | DB23: Part Sample 2 | DC23: App 1
B24: GRR 20 | G24: =IF(OR(D24="",E24=""),"",ROUND((D24+E24),10)) | H24: =IF(OR(D24="",F24=""),"",ROUND((D24-F24),10))
B25: GRR 21 | G25: =IF(OR(D25="",E25=""),"",ROUND((D25+E25),10)) | H25: =IF(OR(D25="",F25=""),"",ROUND((D25-F25),10))
B26: GRR 22 | G26: =IF(OR(D26="",E26=""),"",ROUND((D26+E26),10)) | H26: =IF(OR(D26="",F26=""),"",ROUND((D26-F26),10)) | DC26: App 2
B27: GRR 23 | G27: =IF(OR(D27="",E27=""),"",ROUND((D27+E27),10)) | H27: =IF(OR(D27="",F27=""),"",ROUND((D27-F27),10))
B28: GRR 24 | G28: =IF(OR(D28="",E28=""),"",ROUND((D28+E28),10)) | H28: =IF(OR(D28="",F28=""),"",ROUND((D28-F28),10))
B29: GRR 25 | G29: =IF(OR(D29="",E29=""),"",ROUND((D29+E29),10)) | H29: =IF(OR(D29="",F29=""),"",ROUND((D29-F29),10)) | DC29: App 3
B30: GRR 26 | G30: =IF(OR(D30="",E30=""),"",ROUND((D30+E30),10)) | H30: =IF(OR(D30="",F30=""),"",ROUND((D30-F30),10))
B31: GRR 27 | G31: =IF(OR(D31="",E31=""),"",ROUND((D31+E31),10)) | H31: =IF(OR(D31="",F31=""),"",ROUND((D31-F31),10))
B32: GRR 28 | G32: =IF(OR(D32="",E32=""),"",ROUND((D32+E32),10)) | H32: =IF(OR(D32="",F32=""),"",ROUND((D32-F32),10)) | DB32: Part Sample 3 | DC32: App 1
B33: GRR 29 | G33: =IF(OR(D33="",E33=""),"",ROUND((D33+E33),10)) | H33: =IF(OR(D33="",F33=""),"",ROUND((D33-F33),10))
B34: GRR 30 | G34: =IF(OR(D34="",E34=""),"",ROUND((D34+E34),10)) | H34: =IF(OR(D34="",F34=""),"",ROUND((D34-F34),10))
B35: GRR 31 | G35: =IF(OR(D35="",E35=""),"",ROUND((D35+E35),10)) | H35: =IF(OR(D35="",F35=""),"",ROUND((D35-F35),10)) | DC35: App 2
B36: GRR 32 | G36: =IF(OR(D36="",E36=""),"",ROUND((D36+E36),10)) | H36: =IF(OR(D36="",F36=""),"",ROUND((D36-F36),10))
B37: GRR 33 | G37: =IF(OR(D37="",E37=""),"",ROUND((D37+E37),10)) | H37: =IF(OR(D37="",F37=""),"",ROUND((D37-F37),10))
B38: GRR 34 | G38: =IF(OR(D38="",E38=""),"",ROUND((D38+E38),10)) | H38: =IF(OR(D38="",F38=""),"",ROUND((D38-F38),10)) | DC38: App 3
B39: GRR 35 | G39: =IF(OR(D39="",E39=""),"",ROUND((D39+E39),10)) | H39: =IF(OR(D39="",F39=""),"",ROUND((D39-F39),10))
B40: GRR 36 | G40: =IF(OR(D40="",E40=""),"",ROUND((D40+E40),10)) | H40: =IF(OR(D40="",F40=""),"",ROUND((D40-F40),10))
B41: GRR 37 | G41: =IF(OR(D41="",E41=""),"",ROUND((D41+E41),10)) | H41: =IF(OR(D41="",F41=""),"",ROUND((D41-F41),10)) | DB41: Part Sample 4 | DC41: App 1
B42: GRR 38 | G42: =IF(OR(D42="",E42=""),"",ROUND((D42+E42),10)) | H42: =IF(OR(D42="",F42=""),"",ROUND((D42-F42),10))
B43: GRR 39 | G43: =IF(OR(D43="",E43=""),"",ROUND((D43+E43),10)) | H43: =IF(OR(D43="",F43=""),"",ROUND((D43-F43),10))
B44: GRR 40 | G44: =IF(OR(D44="",E44=""),"",ROUND((D44+E44),10)) | H44: =IF(OR(D44="",F44=""),"",ROUND((D44-F44),10)) | DC44: App 2
B45: GRR 41 | G45: =IF(OR(D45="",E45=""),"",ROUND((D45+E45),10)) | H45: =IF(OR(D45="",F45=""),"",ROUND((D45-F45),10))
B46: GRR 42 | G46: =IF(OR(D46="",E46=""),"",ROUND((D46+E46),10)) | H46: =IF(OR(D46="",F46=""),"",ROUND((D46-F46),10))
B47: GRR 43 | G47: =IF(OR(D47="",E47=""),"",ROUND((D47+E47),10)) | H47: =IF(OR(D47="",F47=""),"",ROUND((D47-F47),10)) | DC47: App 3
B48: GRR 44 | G48: =IF(OR(D48="",E48=""),"",ROUND((D48+E48),10)) | H48: =IF(OR(D48="",F48=""),"",ROUND((D48-F48),10))
B49: GRR 45 | G49: =IF(OR(D49="",E49=""),"",ROUND((D49+E49),10)) | H49: =IF(OR(D49="",F49=""),"",ROUND((D49-F49),10))
B50: GRR 46 | G50: =IF(OR(D50="",E50=""),"",ROUND((D50+E50),10)) | H50: =IF(OR(D50="",F50=""),"",ROUND((D50-F50),10)) | DB50: Part Sample 5 | DC50: App 1
B51: GRR 47 | G51: =IF(OR(D51="",E51=""),"",ROUND((D51+E51),10)) | H51: =IF(OR(D51="",F51=""),"",ROUND((D51-F51),10))
B52: GRR 48 | G52: =IF(OR(D52="",E52=""),"",ROUND((D52+E52),10)) | H52: =IF(OR(D52="",F52=""),"",ROUND((D52-F52),10))
B53: GRR 49 | G53: =IF(OR(D53="",E53=""),"",ROUND((D53+E53),10)) | H53: =IF(OR(D53="",F53=""),"",ROUND((D53-F53),10)) | DC53: App 2
B54: GRR 50 | G54: =IF(OR(D54="",E54=""),"",ROUND((D54+E54),10)) | H54: =IF(OR(D54="",F54=""),"",ROUND((D54-F54),10))
B55: GRR 51 | G55: =IF(OR(D55="",E55=""),"",ROUND((D55+E55),10)) | H55: =IF(OR(D55="",F55=""),"",ROUND((D55-F55),10))
B56: GRR 52 | G56: =IF(OR(D56="",E56=""),"",ROUND((D56+E56),10)) | H56: =IF(OR(D56="",F56=""),"",ROUND((D56-F56),10)) | DC56: App 3
B57: GRR 53 | G57: =IF(OR(D57="",E57=""),"",ROUND((D57+E57),10)) | H57: =IF(OR(D57="",F57=""),"",ROUND((D57-F57),10))
B58: GRR 54 | G58: =IF(OR(D58="",E58=""),"",ROUND((D58+E58),10)) | H58: =IF(OR(D58="",F58=""),"",ROUND((D58-F58),10))
B59: GRR 55 | G59: =IF(OR(D59="",E59=""),"",ROUND((D59+E59),10)) | H59: =IF(OR(D59="",F59=""),"",ROUND((D59-F59),10)) | DB59: Part Sample 6 | DC59: App 1
B60: GRR 56 | G60: =IF(OR(D60="",E60=""),"",ROUND((D60+E60),10)) | H60: =IF(OR(D60="",F60=""),"",ROUND((D60-F60),10))
B61: GRR 57 | G61: =IF(OR(D61="",E61=""),"",ROUND((D61+E61),10)) | H61: =IF(OR(D61="",F61=""),"",ROUND((D61-F61),10))
B62: GRR 58 | G62: =IF(OR(D62="",E62=""),"",ROUND((D62+E62),10)) | H62: =IF(OR(D62="",F62=""),"",ROUND((D62-F62),10)) | DC62: App 2
B63: GRR 59 | G63: =IF(OR(D63="",E63=""),"",ROUND((D63+E63),10)) | H63: =IF(OR(D63="",F63=""),"",ROUND((D63-F63),10))
B64: GRR 60 | G64: =IF(OR(D64="",E64=""),"",ROUND((D64+E64),10)) | H64: =IF(OR(D64="",F64=""),"",ROUND((D64-F64),10))
B65: GRR 61 | G65: =IF(OR(D65="",E65=""),"",ROUND((D65+E65),10)) | H65: =IF(OR(D65="",F65=""),"",ROUND((D65-F65),10)) | DC65: App 3
B66: GRR 62 | G66: =IF(OR(D66="",E66=""),"",ROUND((D66+E66),10)) | H66: =IF(OR(D66="",F66=""),"",ROUND((D66-F66),10))
B67: GRR 63 | G67: =IF(OR(D67="",E67=""),"",ROUND((D67+E67),10)) | H67: =IF(OR(D67="",F67=""),"",ROUND((D67-F67),10))
B68: GRR 64 | G68: =IF(OR(D68="",E68=""),"",ROUND((D68+E68),10)) | H68: =IF(OR(D68="",F68=""),"",ROUND((D68-F68),10)) | DB68: Part Sample 7 | DC68: App 1
B69: GRR 65 | G69: =IF(OR(D69="",E69=""),"",ROUND((D69+E69),10)) | H69: =IF(OR(D69="",F69=""),"",ROUND((D69-F69),10))
B70: GRR 66 | G70: =IF(OR(D70="",E70=""),"",ROUND((D70+E70),10)) | H70: =IF(OR(D70="",F70=""),"",ROUND((D70-F70),10))
B71: GRR 67 | G71: =IF(OR(D71="",E71=""),"",ROUND((D71+E71),10)) | H71: =IF(OR(D71="",F71=""),"",ROUND((D71-F71),10)) | DC71: App 2
B72: GRR 68 | G72: =IF(OR(D72="",E72=""),"",ROUND((D72+E72),10)) | H72: =IF(OR(D72="",F72=""),"",ROUND((D72-F72),10))
B73: GRR 69 | G73: =IF(OR(D73="",E73=""),"",ROUND((D73+E73),10)) | H73: =IF(OR(D73="",F73=""),"",ROUND((D73-F73),10))
B74: GRR 70 | G74: =IF(OR(D74="",E74=""),"",ROUND((D74+E74),10)) | H74: =IF(OR(D74="",F74=""),"",ROUND((D74-F74),10)) | DC74: App 3
B75: GRR 71 | G75: =IF(OR(D75="",E75=""),"",ROUND((D75+E75),10)) | H75: =IF(OR(D75="",F75=""),"",ROUND((D75-F75),10))
B76: GRR 72 | G76: =IF(OR(D76="",E76=""),"",ROUND((D76+E76),10)) | H76: =IF(OR(D76="",F76=""),"",ROUND((D76-F76),10))
B77: GRR 73 | G77: =IF(OR(D77="",E77=""),"",ROUND((D77+E77),10)) | H77: =IF(OR(D77="",F77=""),"",ROUND((D77-F77),10)) | DB77: Part Sample 8 | DC77: App 1
B78: GRR 74 | G78: =IF(OR(D78="",E78=""),"",ROUND((D78+E78),10)) | H78: =IF(OR(D78="",F78=""),"",ROUND((D78-F78),10))
B79: GRR 75 | G79: =IF(OR(D79="",E79=""),"",ROUND((D79+E79),10)) | H79: =IF(OR(D79="",F79=""),"",ROUND((D79-F79),10))
B80: GRR 76 | G80: =IF(OR(D80="",E80=""),"",ROUND((D80+E80),10)) | H80: =IF(OR(D80="",F80=""),"",ROUND((D80-F80),10)) | DC80: App 2
B81: GRR 77 | G81: =IF(OR(D81="",E81=""),"",ROUND((D81+E81),10)) | H81: =IF(OR(D81="",F81=""),"",ROUND((D81-F81),10))
B82: GRR 78 | G82: =IF(OR(D82="",E82=""),"",ROUND((D82+E82),10)) | H82: =IF(OR(D82="",F82=""),"",ROUND((D82-F82),10))
B83: GRR 79 | G83: =IF(OR(D83="",E83=""),"",ROUND((D83+E83),10)) | H83: =IF(OR(D83="",F83=""),"",ROUND((D83-F83),10)) | DC83: App 3
B84: GRR 80 | G84: =IF(OR(D84="",E84=""),"",ROUND((D84+E84),10)) | H84: =IF(OR(D84="",F84=""),"",ROUND((D84-F84),10))
B85: GRR 81 | G85: =IF(OR(D85="",E85=""),"",ROUND((D85+E85),10)) | H85: =IF(OR(D85="",F85=""),"",ROUND((D85-F85),10))
B86: GRR 82 | G86: =IF(OR(D86="",E86=""),"",ROUND((D86+E86),10)) | H86: =IF(OR(D86="",F86=""),"",ROUND((D86-F86),10)) | DB86: Part Sample 9 | DC86: App 1
B87: GRR 83 | G87: =IF(OR(D87="",E87=""),"",ROUND((D87+E87),10)) | H87: =IF(OR(D87="",F87=""),"",ROUND((D87-F87),10))
B88: GRR 84 | G88: =IF(OR(D88="",E88=""),"",ROUND((D88+E88),10)) | H88: =IF(OR(D88="",F88=""),"",ROUND((D88-F88),10))
B89: GRR 85 | G89: =IF(OR(D89="",E89=""),"",ROUND((D89+E89),10)) | H89: =IF(OR(D89="",F89=""),"",ROUND((D89-F89),10)) | DC89: App 2
B90: GRR 86 | G90: =IF(OR(D90="",E90=""),"",ROUND((D90+E90),10)) | H90: =IF(OR(D90="",F90=""),"",ROUND((D90-F90),10))
B91: GRR 87 | G91: =IF(OR(D91="",E91=""),"",ROUND((D91+E91),10)) | H91: =IF(OR(D91="",F91=""),"",ROUND((D91-F91),10))
B92: GRR 88 | G92: =IF(OR(D92="",E92=""),"",ROUND((D92+E92),10)) | H92: =IF(OR(D92="",F92=""),"",ROUND((D92-F92),10)) | DC92: App 3
B93: GRR 89 | G93: =IF(OR(D93="",E93=""),"",ROUND((D93+E93),10)) | H93: =IF(OR(D93="",F93=""),"",ROUND((D93-F93),10))
B94: GRR 90 | G94: =IF(OR(D94="",E94=""),"",ROUND((D94+E94),10)) | H94: =IF(OR(D94="",F94=""),"",ROUND((D94-F94),10))
B95: GRR 91 | G95: =IF(OR(D95="",E95=""),"",ROUND((D95+E95),10)) | H95: =IF(OR(D95="",F95=""),"",ROUND((D95-F95),10)) | DB95: Part Sample 10 | DC95: App 1
B96: GRR 92 | G96: =IF(OR(D96="",E96=""),"",ROUND((D96+E96),10)) | H96: =IF(OR(D96="",F96=""),"",ROUND((D96-F96),10))
B97: GRR 93 | G97: =IF(OR(D97="",E97=""),"",ROUND((D97+E97),10)) | H97: =IF(OR(D97="",F97=""),"",ROUND((D97-F97),10))
B98: GRR 94 | G98: =IF(OR(D98="",E98=""),"",ROUND((D98+E98),10)) | H98: =IF(OR(D98="",F98=""),"",ROUND((D98-F98),10)) | DC98: App 2
B99: GRR 95 | G99: =IF(OR(D99="",E99=""),"",ROUND((D99+E99),10)) | H99: =IF(OR(D99="",F99=""),"",ROUND((D99-F99),10))
B100: GRR 96 | G100: =IF(OR(D100="",E100=""),"",ROUND((D100+E100),10)) | H100: =IF(OR(D100="",F100=""),"",ROUND((D100-F100),10))
...

Sheet GRR Plots
A1: Table of Contents | E1: GR&R Analysis | K1: Enter Header/data in blue cells.
E2: INPUT DIMENSION ID TO TOGGLE DATA & GRAPHS | N2: Doc # | O2: ='Revision block'!B1 -> H001122 | BC2: To populate data in Light Blue Section from Supplier Data Output:
A3: MEASUREMENT SYSTEM / GAUGE CAPABILITY CALCULATION WORKSHEET - ANOVA METHOD | N3: Rev : | O3: ='Revision block'!B2 -> K | AK3: DATA IMPORT Transposed for Post Processing | AV3: DATA Formatted for Post Processing | BC3: Copy DATA Received in this format here to populate GRR
B4: Supplier: | F4: Nominal Dimension: | G4: {=HLOOKUP($G$7,'GRR Data'!$DD$3:$WI$103,2,FALSE)} -> #N/A | H4: {=HLOOKUP($G$7,'GRR Data'!$DD$3:$WI$103,7,FALSE)} -> #N/A | J4: Measurement Date: | N4: Rev date : | O4: ='Revision block'!B3 -> 45082 | AL4: Appraiser A | AO4: Appraiser B | AR4: Appraiser C | AX4: Test Sequence | AY4: Part | AZ4: Appraiser | BA4: Measured Data | BE4: Sample | BF4: Appraiser | BG4: Test Sequence | BH4: Reported Sequence | BI4: Measured Data
B5: Part Description: | F5: Upper Spec Limit: | G5: {=HLOOKUP($G$7,'GRR Data'!$DD$3:$WI$103,5,FALSE)} -> #N/A | H5: {=HLOOKUP($G$7,'GRR Data'!$DD$3:$WI$103,7,FALSE)} -> #N/A | J5: Appraiser 1: | AL5: Trial 1 | AM5: Trial 2 | AN5: Trial 3 | AO5: Trial 1 | AP5: Trial 2 | AQ5: Trial 3 | AR5: Trial 1 | AS5: Trial 2 | AT5: Trial 3
B6: Drawing No.: | F6: Lower Spec Limit: | G6: {=HLOOKUP($G$7,'GRR Data'!$DD$3:$WI$103,6,FALSE)} -> #N/A | H6: {=HLOOKUP($G$7,'GRR Data'!$DD$3:$WI$103,7,FALSE)} -> #N/A | J6: Appraiser 2: | AK6: Sample 1 | AL6: {=TRANSPOSE(IF(D15:M23="","",D15:M23))} -> #N/A | AM6: #N/A | AN6: #N/A | AO6: #N/A | AP6: #N/A | AQ6: #N/A | AR6: #N/A | AS6: #N/A | AT6: #N/A | AV6: Appraiser 1 | AW6: Trial 1 | AX6: 1 | AY6: 1 | AZ6: 1 | BA6: =IF(AL6="","",AL6) -> #N/A | BC6: Sample 1 | BD6: App 1 | BE6: 1 | BF6: 1 | BG6: 1 | BH6: 1 | BI6: {=HLOOKUP($G$7,'GRR Data'!$DD$3:$WI$103,12,FALSE)} -> #N/A
B7: Revision/Date: | F7: Dimension ID #: | J7: Appraiser 3: | N7: Please complete header information. | AE7: Remember, variation between parts is expected | AK7: Sample 2 | AL7: #N/A | AM7: #N/A | AN7: #N/A | AO7: #N/A | AP7: #N/A | AQ7: #N/A | AR7: #N/A | AS7: #N/A | AT7: #N/A | AX7: 2 | AY7: 2 | AZ7: 1 | BA7: =IF(AL7="","",AL7) -> #N/A | BE7: 1 | BF7: 1 | BG7: 11 | BH7: 2 | BI7: {=HLOOKUP($G$7,'GRR Data'!$DD$3:$WI$103,13,FALSE)} -> #N/A
F8: Feature Type (optional): | G8: {=HLOOKUP($G$7,'GRR Data'!$DD$3:$WI$103,8,FALSE)} -> #N/A | J8: Gage/Model: | K8: {=HLOOKUP($G$7,'GRR Data'!$DD$3:$WI$103,9,FALSE)} -> #N/A | N8: This data helpful in analyzing data. | AK8: Sample 3 | AL8: #N/A | AM8: #N/A | AN8: #N/A | AO8: #N/A | AP8: #N/A | AQ8: #N/A | AR8: #N/A | AS8: #N/A | AT8: #N/A | AX8: 3 | AY8: 3 | AZ8: 1 | BA8: =IF(AL8="","",AL8) -> #N/A | BE8: 1 | BF8: 1 | BG8: 21 | BH8: 3 | BI8: {=HLOOKUP($G$7,'GRR Data'!$DD$3:$WI$103,14,FALSE)} -> #N/A
C9: Number of Appraisers = | D9: =COUNT(B29,B35,B41) -> 0 | J9: Gage Resolution: | K9: {=HLOOKUP($G$7,'GRR Data'!$DD$3:$WI$103,10,FALSE)} -> #N/A | L9: =HLOOKUP($G$7,'GRR Data'!$DD$3:$WI$103,7,FALSE) -> #N/A | AE9: The solid black lines connect the trial averages | AK9: Sample 4 | AL9: #N/A | AM9: #N/A | AN9: #N/A | AO9: #N/A | AP9: #N/A | AQ9: #N/A | AR9: #N/A | AS9: #N/A | AT9: #N/A | AX9: 4 | AY9: 4 | AZ9: 1 | BA9: =IF(AL9="","",AL9) -> #N/A | BD9: App 2 | BE9: 1 | BF9: 2 | BG9: 31 | BH9: 4 | BI9: {=HLOOKUP($G$7,'GRR Data'!$DD$3:$WI$103,15,FALSE)} -> #N/A
C10: Number of Parts = | D10: =COUNT(D45:M45) -> 0 | J10: Gage Accuracy: | K10: {=HLOOKUP($G$7,'GRR Data'!$DD$3:$WI$103,11,FALSE)} -> #N/A | N10: Specification units and measured | AE10: The dotted red lines represent the part averages | AK10: Sample 5 | AL10: #N/A | AM10: #N/A | AN10: #N/A | AO10: #N/A | AP10: #N/A | AQ10: #N/A | AR10: #N/A | AS10: #N/A | AT10: #N/A | AX10: 5 | AY10: 5 | AZ10: 1 | BA10: =IF(AL10="","",AL10) -> #N/A | BE10: 1 | BF10: 2 | BG10: 41 | BH10: 5 | BI10: {=HLOOKUP($G$7,'GRR Data'!$DD$3:$WI$103,16,FALSE)} -> #N/A
C11: Number of Trials = | D11: =MAX(COUNT(D27:D29),COUNT(D33:D35),COUNT(D39:D41)) -> 0 | F11: Tolerance = | G11: =G5-G6 -> #N/A | H11: =HLOOKUP($G$7,'GRR Data'!$DD$3:$WI$103,7,FALSE) -> #N/A | N11: data must have same units (scale) | AK11: Sample 6 | AL11: #N/A | AM11: #N/A | AN11: #N/A | AO11: #N/A | AP11: #N/A | AQ11: #N/A | AR11: #N/A | AS11: #N/A | AT11: #N/A | AX11: 6 | AY11: 6 | AZ11: 1 | BA11: =IF(AL11="","",AL11) -> #N/A | BE11: 1 | BF11: 2 | BG11: 51 | BH11: 6 | BI11: {=HLOOKUP($G$7,'GRR Data'!$DD$3:$WI$103,17,FALSE)} -> #N/A
G12: USL-LSL | AE12: Each horizontal line represents the range of trial values | AK12: Sample 7 | AL12: #N/A | AM12: #N/A | AN12: #N/A | AO12: #N/A | AP12: #N/A | AQ12: #N/A | AR12: #N/A | AS12: #N/A | AT12: #N/A | AX12: 7 | AY12: 7 | AZ12: 1 | BA12: =IF(AL12="","",AL12) -> #N/A | BD12: App 3 | BE12: 1 | BF12: 3 | BG12: 61 | BH12: 7 | BI12: {=HLOOKUP($G$7,'GRR Data'!$DD$3:$WI$103,18,FALSE)} -> #N/A
B13: DATA IMPORT | D13: Part Sample Number | AK13: Sample 8 | AL13: #N/A | AM13: #N/A | AN13: #N/A | AO13: #N/A | AP13: #N/A | AQ13: #N/A | AR13: #N/A | AS13: #N/A | AT13: #N/A | AX13: 8 | AY13: 8 | AZ13: 1 | BA13: =IF(AL13="","",AL13) -> #N/A | BE13: 1 | BF13: 3 | BG13: 71 | BH13: 8 | BI13: {=HLOOKUP($G$7,'GRR Data'!$DD$3:$WI$103,19,FALSE)} -> #N/A
B14: Appraiser | C14: Trial | D14: 1 | E14: 2 | F14: 3 | G14: 4 | H14: 5 | I14: 6 | J14: 7 | K14: 8 | L14: 9 | M14: 10 | N14: COMMENTS | AK14: Sample 9 | AL14: #N/A | AM14: #N/A | AN14: #N/A | AO14: #N/A | AP14: #N/A | AQ14: #N/A | AR14: #N/A | AS14: #N/A | AT14: #N/A | AX14: 9 | AY14: 9 | AZ14: 1 | BA14: =IF(AL14="","",AL14) -> #N/A | BE14: 1 | BF14: 3 | BG14: 81 | BH14: 9 | BI14: {=HLOOKUP($G$7,'GRR Data'!$DD$3:$WI$103,20,FALSE)} -> #N/A
B15: A | C15: 1 | D15: =BI6 -> #N/A | E15: =BI15 -> #N/A | F15: =BI24 -> #N/A | G15: =BI33 -> #N/A | H15: =BI42 -> #N/A | I15: =BI51 -> #N/A | J15: =BI60 -> #N/A | K15: =BI69 -> #N/A | L15: =BI78 -> #N/A | M15: =BI87 -> #N/A | N15: Data imported from GRR Data tab. | AE15: This plot will help identify systematic appraiser bias | AK15: Sample 10 | AL15: #N/A | AM15: #N/A | AN15: #N/A | AO15: #N/A | AP15: #N/A | AQ15: #N/A | AR15: #N/A | AS15: #N/A | AT15: #N/A | AX15: 10 | AY15: 10 | AZ15: 1 | BA15: =IF(AL15="","",AL15) -> #N/A | BC15: Sample 2 | BD15: App 1 | BE15: 2 | BF15: 1 | BG15: 2 | BH15: 10 | BI15: {=HLOOKUP($G$7,'GRR Data'!$DD$3:$WI$103,21,FALSE)} -> #N/A
C16: 2 | D16: =BI7 -> #N/A | E16: =BI16 -> #N/A | F16: =BI25 -> #N/A | G16: =BI34 -> #N/A | H16: =BI43 -> #N/A | I16: =BI52 -> #N/A | J16: =BI61 -> #N/A | K16: =BI70 -> #N/A | L16: =BI79 -> #N/A | M16: =BI88 -> #N/A | N16: GRR Data tab guide: | AE16: -each set of black lines should have roughly the same shape | AW16: Trial 2 | AX16: 11 | AY16: 1 | AZ16: 1 | BA16: =IF(AM6="","",AM6) -> #N/A | BE16: 2 | BF16: 1 | BG16: 12 | BH16: 11 | BI16: {=HLOOKUP($G$7,'GRR Data'!$DD$3:$WI$103,22,FALSE)} -> #N/A
C17: 3 | D17: =BI8 -> #N/A | E17: =BI17 -> #N/A | F17: =BI26 -> #N/A | G17: =BI35 -> #N/A | H17: =BI44 -> #N/A | I17: =BI53 -> #N/A | J17: =BI62 -> #N/A | K17: =BI71 -> #N/A | L17: =BI80 -> #N/A | M17: =BI89 -> #N/A | N17: Enter data in open cells. | AK17: Feature Type | AX17: 12 | AY17: 2 | AZ17: 1 | BA17: =IF(AM7="","",AM7) -> #N/A | BE17: 2 | BF17: 1 | BG17: 22 | BH17: 12 | BI17: {=HLOOKUP($G$7,'GRR Data'!$DD$3:$WI$103,23,FALSE)} -> #N/A
B18: B | C18: 1 | D18: =BI9 -> #N/A | E18: =BI18 -> #N/A | F18: =BI27 -> #N/A | G18: =BI36 -> #N/A | H18: =BI45 -> #N/A | I18: =BI54 -> #N/A | J18: =BI63 -> #N/A | K18: =BI72 -> #N/A | L18: =BI81 -> #N/A | M18: =BI90 -> #N/A | N18: Leave cell blank if no data. | AX18: 13 | AY18: 3 | AZ18: 1 | BA18: =IF(AM8="","",AM8) -> #N/A | BD18: App 2 | BE18: 2 | BF18: 2 | BG18: 32 | BH18: 13 | BI18: {=HLOOKUP($G$7,'GRR Data'!$DD$3:$WI$103,24,FALSE)} -> #N/A
C19: 2 | D19: =BI10 -> #N/A | E19: =BI19 -> #N/A | F19: =BI28 -> #N/A | G19: =BI37 -> #N/A | H19: =BI46 -> #N/A | I19: =BI55 -> #N/A | J19: =BI64 -> #N/A | K19: =BI73 -> #N/A | L19: =BI82 -> #N/A | M19: =BI91 -> #N/A | N19: Do not enter zero to fill blank cells. | AK19: Angle | AX19: 14 | AY19: 4 | AZ19: 1 | BA19: =IF(AM9="","",AM9) -> #N/A | BE19: 2 | BF19: 2 | BG19: 42 | BH19: 14 | BI19: {=HLOOKUP($G$7,'GRR Data'!$DD$3:$WI$103,25,FALSE)} -> #N/A
C20: 3 | D20: =BI11 -> #N/A | E20: =BI20 -> #N/A | F20: =BI29 -> #N/A | G20: =BI38 -> #N/A | H20: =BI47 -> #N/A | I20: =BI56 -> #N/A | J20: =BI65 -> #N/A | K20: =BI74 -> #N/A | L20: =BI83 -> #N/A | M20: =BI92 -> #N/A | N20: Enter X.XXXX format minimum. | AK20: Diameter | AX20: 15 | AY20: 5 | AZ20: 1 | BA20: =IF(AM10="","",AM10) -> #N/A | BE20: 2 | BF20: 2 | BG20: 52 | BH20: 15 | BI20: {=HLOOKUP($G$7,'GRR Data'!$DD$3:$WI$103,26,FALSE)} -> #N/A
B21: C | C21: 1 | D21: =BI12 -> #N/A | E21: =BI21 -> #N/A | F21: =BI30 -> #N/A | G21: =BI39 -> #N/A | H21: =BI48 -> #N/A | I21: =BI57 -> #N/A | J21: =BI66 -> #N/A | K21: =BI75 -> #N/A | L21: =BI84 -> #N/A | M21: =BI93 -> #N/A | AK21: Distance (X or Y) | AX21: 16 | AY21: 6 | AZ21: 1 | BA21: =IF(AM11="","",AM11) -> #N/A | BD21: App 3 | BE21: 2 | BF21: 3 | BG21: 62 | BH21: 16 | BI21: {=HLOOKUP($G$7,'GRR Data'!$DD$3:$WI$103,27,FALSE)} -> #N/A
C22: 2 | D22: =BI13 -> #N/A | E22: =BI22 -> #N/A | F22: =BI31 -> #N/A | G22: =BI40 -> #N/A | H22: =BI49 -> #N/A | I22: =BI58 -> #N/A | J22: =BI67 -> #N/A | K22: =BI76 -> #N/A | L22: =BI85 -> #N/A | M22: =BI94 -> #N/A | AK22: Height or Depth (Z) | AX22: 17 | AY22: 7 | AZ22: 1 | BA22: =IF(AM12="","",AM12) -> #N/A | BE22: 2 | BF22: 3 | BG22: 72 | BH22: 17 | BI22: {=HLOOKUP($G$7,'GRR Data'!$DD$3:$WI$103,28,FALSE)} -> #N/A
